$version Generated by Wokwi.com $end
$date Thu, 10 Sep 2026 11:37:06 GMT $end
$timescale 1ns $end
$scope module logic $end
$var wire 1 ! D0 $end
$var wire 1 " D1 $end
$upscope $end
$enddefinitions $end
#0
1!
#0
0"
#0
1"
#524005388
0!
#524010356
0"
#524010356
1!
#524015324
1"
#524020292
0"
#524025260
1"
#524030228
0"
#524035196
1"
#524040164
0"
#524040164
0!
#524045132
1"
#524050100
0"
#524050100
1!
#524055068
1"
#524060036
0"
#524065004
1"
#524069972
0"
#524074940
1"
#524079908
0"
#524079908
0!
#524084876
1"
#524089844
0"
#524089844
1!
#524094812
1"
#524099780
0"
#524099780
0!
#524104748
1"
#524109716
1!
#532669980
0!
#532674948
0"
#532674948
1!
#532679916
1"
#532684884
0"
#532689852
1"
#532694820
0"
#532699788
1"
#532704756
0"
#532704756
0!
#532709724
1"
#532714692
0"
#532714692
1!
#532719660
1"
#532724628
0"
#532729596
1"
#532734564
0"
#532734564
0!
#532739532
1"
#532744500
0"
#532749468
1"
#532754436
0"
#532759404
1"
#532764372
0"
#532764372
1!
#532764372
0!
#532769340
1"
#532774308
1!
#532940113
0!
#532945081
0"
#532945081
1!
#532950049
1"
#532955017
0"
#532959985
1"
#532964953
0"
#532969921
1"
#532974889
0"
#532974889
0!
#532979857
1"
#532984825
0"
#532984825
1!
#532989793
1"
#532994761
0"
#532999729
1"
#533004697
0"
#533004697
0!
#533009665
1"
#533014633
0"
#533019601
1"
#533024569
0"
#533029537
1"
#533034505
0"
#533034505
1!
#533039473
1"
#533044441
0"
#533049409
1"
#533054377
0"
#533054377
0!
#533059345
1"
#533064313
0"
#533064313
1!
#533069281
1"
#533074249
0"
#533074249
0!
#533079217
1"
#533084185
0"
#533089153
1"
#533094121
0"
#533099089
1"
#533104057
0"
#533109025
1"
#533113993
0"
#533118961
1"
#533123929
0"
#533123929
1!
#533194929
1"
#533204865
0!
#533209833
0"
#533209833
1!
#533214801
1"
#533219769
0"
#533224737
1"
#533229705
0"
#533234673
1"
#533239641
0"
#533239641
0!
#533244609
1"
#533249577
0"
#533249577
1!
#533254545
1"
#533259513
0"
#533264481
1"
#533269449
0"
#533269449
0!
#533274417
1"
#533279385
0"
#533279385
1!
#533284353
1"
#533289321
0"
#533289321
0!
#533294289
1"
#533299257
0"
#533299257
1!
#533299257
0!
#533304225
1"
#533309193
0"
#533309193
1!
#533314161
1"
#533319129
0"
#533324097
1"
#533329065
0"
#533329065
0!
#533334033
1"
#533339001
0"
#533339001
1!
#533339001
0!
#533343969
1"
#533348937
0"
#533348937
1!
#533348937
0!
#533353905
1"
#533358873
0"
#533358873
1!
#533358873
0!
#533363841
1"
#533368809
0"
#533368809
1!
#533368809
0!
#533373777
1"
#533378745
0"
#533378745
1!
#533378745
0!
#533383713
1"
#533388681
0"
#533434299
1"
#533439267
0"
#533439267
1!
#533439267
0!
#533444235
1"
#533449203
0"
#533449203
1!
#533449203
0!
#533454171
1"
#533459139
0"
#533459139
1!
#533459139
0!
#533464107
1"
#533469075
0"
#533469075
1!
#533469075
0!
#533474043
1"
#533479011
0"
#533479011
1!
#533479011
0!
#533483979
1"
#533488947
0"
#533488947
1!
#533488947
0!
#533493915
1"
#533498883
0"
#533498883
1!
#533498883
0!
#533503851
1"
#533508819
0"
#533508819
1!
#533513787
1"
#533518755
0"
#533561286
0!
#533566254
1"
#533571222
1!
#533717255
0!
#533722223
0"
#533722223
1!
#533727191
1"
#533732159
0"
#533737127
1"
#533742095
0"
#533747063
1"
#533752031
0"
#533752031
0!
#533756999
1"
#533761967
0"
#533761967
1!
#533766935
1"
#533771903
0"
#533776871
1"
#533781839
0"
#533781839
0!
#533786807
1"
#533791775
0"
#533796743
1"
#533801711
0"
#533806679
1"
#533811647
0"
#533811647
1!
#533816615
1"
#533821583
0"
#533826551
1"
#533831519
0"
#533836487
1"
#533841455
0"
#533841455
0!
#533846423
1"
#533851391
0"
#533856359
1"
#533861327
0"
#533866295
1"
#533871263
0"
#533876231
1"
#533881199
0"
#533886167
1"
#533891135
0"
#533896103
1"
#533901071
0"
#533901071
1!
#533906039
1"
#533911007
0"
#533911007
0!
#533915975
1"
#533920943
0"
#533920943
1!
#533925911
1"
#533930879
0"
#533935847
1"
#533940815
0"
#533940815
0!
#533945783
1"
#533950751
0"
#533950751
1!
#533955719
1"
#533960687
0"
#533965655
1"
#533970623
0"
#533970623
0!
#533975591
1"
#533980559
0"
#533985527
1"
#533990495
0"
#533990495
1!
#534032145
0!
#534037113
1"
#534042081
1!
#534204326
0!
#534209294
0"
#534209294
1!
#534214262
1"
#534219230
0"
#534224198
1"
#534229166
0"
#534234134
1"
#534239102
0"
#534239102
0!
#534244070
1"
#534249038
0"
#534249038
1!
#534254006
1"
#534258974
0"
#534263942
1"
#534268910
0"
#534268910
0!
#534273878
1"
#534278846
0"
#534283814
1"
#534288782
0"
#534293750
1"
#534298718
0"
#534298718
1!
#534303686
1"
#534308654
0"
#534313622
1"
#534318590
0"
#534323558
1"
#534328526
0"
#534333494
1"
#534338462
0"
#534338462
0!
#534343430
1"
#534348398
0"
#534353366
1"
#534358334
0"
#534358334
1!
#534363302
1"
#534368270
0"
#534373238
1"
#534378206
0"
#534378206
0!
#534383174
1"
#534388142
0"
#534388142
1!
#534459192
1"
#534469128
0!
#534474096
0"
#534474096
1!
#534479064
1"
#534484032
0"
#534489000
1"
#534493968
0"
#534498936
1"
#534503904
0"
#534503904
0!
#534508872
1"
#534513840
0"
#534513840
1!
#534518808
1"
#534523776
0"
#534528744
1"
#534533712
0"
#534533712
0!
#534538680
1"
#534543648
0"
#534543648
1!
#534548616
1"
#534553584
0"
#534553584
0!
#534558552
1"
#534563520
0"
#534563520
1!
#534563520
0!
#534568488
1"
#534573456
0"
#534573456
1!
#534573456
0!
#534578424
1"
#534583392
0"
#534583392
1!
#534583392
0!
#534588360
1"
#534593328
0"
#534593328
1!
#534593328
0!
#534598296
1"
#534603264
0"
#534603264
1!
#534603264
0!
#534608232
1"
#534613200
0"
#534613200
1!
#534613200
0!
#534618168
1"
#534623136
0"
#534623136
1!
#534623136
0!
#534628104
1"
#534633072
0"
#534633072
1!
#534633072
0!
#534638040
1"
#534643008
0"
#534643008
1!
#534643008
0!
#534647976
1"
#534652944
0"
#534698562
1"
#534703530
0"
#534703530
1!
#534703530
0!
#534708498
1"
#534713466
0"
#534713466
1!
#534713466
0!
#534718434
1"
#534723402
0"
#534723402
1!
#534723402
0!
#534728370
1"
#534733338
0"
#534733338
1!
#534733338
0!
#534738306
1"
#534743274
0"
#534743274
1!
#534743274
0!
#534748242
1"
#534753210
0"
#534753210
1!
#534753210
0!
#534758178
1"
#534763146
0"
#534763146
1!
#534763146
0!
#534768114
1"
#534773082
0"
#534773082
1!
#534778050
1"
#534783018
0"
#534825550
0!
#534830518
1"
#534835486
1!
#534997731
0!
#535002699
0"
#535002699
1!
#535007667
1"
#535012635
0"
#535017603
1"
#535022571
0"
#535027539
1"
#535032507
0"
#535032507
0!
#535037475
1"
#535042443
0"
#535042443
1!
#535047411
1"
#535052379
0"
#535057347
1"
#535062315
0"
#535062315
0!
#535067283
1"
#535072251
0"
#535077219
1"
#535082187
0"
#535087155
1"
#535092123
0"
#535092123
1!
#535097091
1"
#535102059
0"
#535102059
0!
#535107027
1"
#535111995
0"
#535116963
1"
#535121931
0"
#535126899
1"
#535131867
0"
#535131867
1!
#535136835
1"
#535141803
0"
#535141803
0!
#535146771
1"
#535151739
0"
#535156707
1"
#535161675
0"
#535166643
1"
#535171611
0"
#535176579
1"
#535181547
0"
#535181547
1!
#535252397
1"
#535262333
0!
#535267301
0"
#535267301
1!
#535272269
1"
#535277237
0"
#535282205
1"
#535287173
0"
#535292141
1"
#535297109
0"
#535297109
0!
#535302077
1"
#535307045
0"
#535307045
1!
#535312013
1"
#535316981
0"
#535321949
1"
#535326917
0"
#535326917
0!
#535331885
1"
#535336853
0"
#535336853
1!
#535341821
1"
#535346789
0"
#535346789
0!
#535351757
1"
#535356725
0"
#535356725
1!
#535356725
0!
#535361693
1"
#535366661
0"
#535366661
1!
#535371629
1"
#535376597
0"
#535381565
1"
#535386533
0"
#535391501
1"
#535396469
0"
#535396469
0!
#535401437
1"
#535406405
0"
#535406405
1!
#535406405
0!
#535411373
1"
#535416341
0"
#535416341
1!
#535416341
0!
#535421309
1"
#535426277
0"
#535426277
1!
#535426277
0!
#535431245
1"
#535436213
0"
#535436213
1!
#535436213
0!
#535441181
1"
#535446149
0"
#535451117
1"
#535456085
0"
#535456085
1!
#535461053
1"
#535466021
0"
#535470989
1"
#535475957
0"
#535475957
0!
#535480925
1"
#535485893
0"
#535485893
1!
#535490861
1"
#535495829
0"
#535495829
0!
#535500797
1"
#535505765
0"
#535505765
1!
#535510733
1"
#535515701
0"
#535520669
1"
#535525637
0"
#535525637
0!
#535530605
1"
#535535573
0"
#535540541
1"
#535545509
0"
#535545509
1!
#535550477
1"
#535555445
0"
#535555445
0!
#535560413
1"
#535565381
0"
#535565381
1!
#535565381
0!
#535570349
1"
#535575317
0"
#535575317
1!
#535575317
0!
#535580285
1"
#535585253
0"
#535585253
1!
#535585253
0!
#535590221
1"
#535595189
0"
#535595189
1!
#535600157
1"
#535605125
0"
#535610093
1"
#535615061
0"
#535615061
0!
#535620029
1"
#535624997
0"
#535629965
1"
#535634933
0"
#535634933
1!
#535639901
1"
#535644869
0"
#535649837
1"
#535654805
0"
#535654805
0!
#535659773
1"
#535664741
0"
#535664741
1!
#535664741
0!
#535669709
1"
#535674677
0"
#535674677
1!
#535679645
1"
#535684613
0"
#535689581
1"
#535694549
0"
#535699517
1"
#535704485
0"
#535704485
0!
#535709453
1"
#535714421
0"
#535719389
1"
#535724357
0"
#535724357
1!
#535724357
0!
#535729325
1"
#535734293
0"
#535734293
1!
#535734293
0!
#535739261
1"
#535744229
0"
#535744229
1!
#535749197
1"
#535754165
0"
#535759133
1"
#535764101
0"
#535764101
0!
#535769069
1"
#535774037
0"
#535774037
1!
#535774037
0!
#535779005
1"
#535783973
0"
#535783973
1!
#535783973
0!
#535788941
1"
#535793909
0"
#535793909
1!
#535793909
0!
#535798877
1"
#535803845
0"
#535803845
1!
#535808813
1"
#535813781
0"
#535818749
1"
#535823717
0"
#535828685
1"
#535833653
0"
#535838621
1"
#535843589
0"
#535848557
1"
#535853525
0"
#535858493
1"
#535863461
0"
#535863461
0!
#535868429
1"
#535873397
0"
#535873397
1!
#535873397
0!
#535878365
1"
#535883333
0"
#535883333
1!
#535883333
0!
#535888301
1"
#535893269
0"
#535898237
1"
#535903205
0"
#535903205
1!
#535908173
1"
#535913141
0"
#535918109
1"
#535923077
0"
#535928045
1"
#535933013
0"
#535937981
1"
#535942949
0"
#535947917
1"
#535952885
0"
#535952885
0!
#535957853
1"
#535962821
0"
#535962821
1!
#535967789
1"
#535972757
0"
#535972757
0!
#535977725
1"
#535982693
0"
#535982693
1!
#535987661
1"
#535992629
0"
#535992629
0!
#535997597
1"
#536002565
0"
#536002565
1!
#536002565
0!
#536007533
1"
#536012501
0"
#536012501
1!
#536012501
0!
#536017469
1"
#536022437
0"
#536022437
1!
#536027405
1"
#536032373
0"
#536037341
1"
#536042309
0"
#536047277
1"
#536052245
0"
#536052245
0!
#536057213
1"
#536062181
0"
#536062181
1!
#536062181
0!
#536067149
1"
#536072117
0"
#536077085
1"
#536082053
0"
#536082053
1!
#536087021
1"
#536091989
0"
#536091989
0!
#536096957
1"
#536101925
0"
#536101925
1!
#536101925
0!
#536106893
1"
#536111861
0"
#536111861
1!
#536111861
0!
#536116829
1"
#536121797
0"
#536121797
1!
#536121797
0!
#536126765
1"
#536131733
0"
#536131733
1!
#536136701
1"
#536141669
0"
#536146637
1"
#536151605
0"
#536151605
0!
#536156573
1"
#536161541
0"
#536161541
1!
#536166509
1"
#536171477
0"
#536176445
1"
#536181413
0"
#536181413
0!
#536186381
1"
#536191349
0"
#536191349
1!
#536196317
1"
#536201285
0"
#536201285
0!
#536206253
1"
#536211221
0"
#536211221
1!
#536216189
1"
#536221157
0"
#536226125
1"
#536231093
0"
#536231093
0!
#536236061
1"
#536241029
0"
#536241029
1!
#536241029
0!
#536245997
1"
#536250965
0"
#536250965
1!
#536255933
1"
#536260901
0"
#536265869
1"
#536270837
0"
#536270837
0!
#536275805
1"
#536280773
0"
#536280773
1!
#536285741
1"
#536290709
0"
#536290709
0!
#536295677
1"
#536300645
0"
#536300645
1!
#536300645
0!
#536305613
1"
#536310581
0"
#536310581
1!
#536310581
0!
#536315549
1"
#536320517
0"
#536320517
1!
#536320517
0!
#536325485
1"
#536330453
0"
#536330453
1!
#536330453
0!
#536335421
1"
#536340389
0"
#536345357
1"
#536350325
0"
#536350325
1!
#536350325
0!
#536355293
1"
#536360261
0"
#536360261
1!
#536360261
0!
#536365229
1"
#536370197
0"
#536370197
1!
#536370197
0!
#536375165
1"
#536380133
0"
#536380133
1!
#536385101
1"
#536390069
0"
#536390069
0!
#536395037
1"
#536400005
0"
#536400005
1!
#536404973
1"
#536409941
0"
#536414909
1"
#536419877
0"
#536419877
0!
#536424845
1"
#536429813
0"
#536434781
1"
#536439749
0"
#536439749
1!
#536439749
0!
#536444717
1"
#536449685
0"
#536449685
1!
#536454653
1"
#536459621
0"
#536459621
0!
#536464589
1"
#536469557
0"
#536469557
1!
#536469557
0!
#536474525
1"
#536479493
0"
#536479493
1!
#536484461
1"
#536489429
0"
#536494397
1"
#536499365
0"
#536504333
1"
#536509301
0"
#536509301
0!
#536514269
1"
#536519237
0"
#536524205
1"
#536529173
0"
#536529173
1!
#536529173
0!
#536534141
1"
#536539109
0"
#536539109
1!
#536539109
0!
#536544077
1"
#536549045
0"
#536549045
1!
#536549045
0!
#536554013
1"
#536558981
0"
#536558981
1!
#536563949
1"
#536568917
0"
#536568917
0!
#536573885
1"
#536578853
0"
#536578853
1!
#536583821
1"
#536588789
0"
#536593757
1"
#536598725
0"
#536598725
0!
#536603693
1"
#536608661
0"
#536608661
1!
#536613629
1"
#536618597
0"
#536618597
0!
#536623565
1"
#536628533
0"
#536628533
1!
#536628533
0!
#536633501
1"
#536638469
0"
#536638469
1!
#536638469
0!
#536643437
1"
#536648405
0"
#536648405
1!
#536653373
1"
#536658341
0"
#536663309
1"
#536668277
0"
#536668277
0!
#536673245
1"
#536678213
0"
#536678213
1!
#536678213
0!
#536683181
1"
#536688149
0"
#536688149
1!
#536688149
0!
#536693117
1"
#536698085
0"
#536703053
1"
#536708021
0"
#536708021
1!
#536708021
0!
#536712989
1"
#536717957
0"
#536717957
1!
#536717957
0!
#536722925
1"
#536727893
0"
#536727893
1!
#536727893
0!
#536732861
1"
#536737829
0"
#536737829
1!
#536737829
0!
#536742797
1"
#536747765
0"
#536747765
1!
#536747765
0!
#536752733
1"
#536757701
0"
#536757701
1!
#536757701
0!
#536762669
1"
#536767637
0"
#536767637
1!
#536767637
0!
#536772605
1"
#536777573
0"
#536777573
1!
#536777573
0!
#536782541
1"
#536787509
0"
#536787509
1!
#536792477
1"
#536797445
0"
#536802413
1"
#536807381
0"
#536812349
1"
#536817317
0"
#536822285
1"
#536827253
0"
#536832221
1"
#536837189
0"
#536837189
0!
#536842157
1"
#536847125
0"
#536847125
1!
#536847125
0!
#536852093
1"
#536857061
0"
#536857061
1!
#536862029
1"
#536866997
0"
#536866997
0!
#536871965
1"
#536876933
0"
#536876933
1!
#536881901
1"
#536886869
0"
#536891837
1"
#536896805
0"
#536901773
1"
#536906741
0"
#536911709
1"
#536916677
0"
#536921645
1"
#536926613
0"
#536931581
1"
#536936549
0"
#536941517
1"
#536946485
0"
#536951453
1"
#536956421
0"
#536956421
0!
#536961389
1"
#536966357
0"
#536966357
1!
#536971325
1"
#536976293
0"
#536976293
0!
#536981261
1"
#536986229
0"
#536986229
1!
#536986229
0!
#536991197
1"
#536996165
0"
#536996165
1!
#536996165
0!
#537001133
1"
#537006101
0"
#537006101
1!
#537011069
1"
#537016037
0"
#537021005
1"
#537025973
0"
#537025973
0!
#537030941
1"
#537035909
0"
#537035909
1!
#537035909
0!
#537040877
1"
#537045845
0"
#537045845
1!
#537045845
0!
#537050813
1"
#537055781
0"
#537060749
1"
#537065717
0"
#537065717
1!
#537065717
0!
#537070685
1"
#537075653
0"
#537075653
1!
#537080621
1"
#537085589
0"
#537090557
1"
#537095525
0"
#537100493
1"
#537105461
0"
#537110429
1"
#537115397
0"
#537115397
0!
#537120365
1"
#537125333
0"
#537125333
1!
#537125333
0!
#537130301
1"
#537135269
0"
#537135269
1!
#537135269
0!
#537140237
1"
#537145205
0"
#537145205
1!
#537150173
1"
#537155141
0"
#537160109
1"
#537165077
0"
#537170045
1"
#537175013
0"
#537179981
1"
#537184949
0"
#537189917
1"
#537194885
0"
#537194885
0!
#537199853
1"
#537204821
0"
#537204821
1!
#537204821
0!
#537209789
1"
#537214757
0"
#537214757
1!
#537214757
0!
#537219725
1"
#537224693
0"
#537224693
1!
#537224693
0!
#537229661
1"
#537234629
0"
#537234629
1!
#537239597
1"
#537244565
0"
#537249533
1"
#537254501
0"
#537254501
0!
#537259469
1"
#537264437
0"
#537264437
1!
#537264437
0!
#537269405
1"
#537274373
0"
#537274373
1!
#537274373
0!
#537279341
1"
#537284309
0"
#537284309
1!
#537289277
1"
#537294245
0"
#537299213
1"
#537304181
0"
#537304181
0!
#537309149
1"
#537314117
0"
#537314117
1!
#537314117
0!
#537319085
1"
#537324053
0"
#537329021
1"
#537333989
0"
#537333989
1!
#537338957
1"
#537343925
0"
#537348893
1"
#537353861
0"
#537358829
1"
#537363797
0"
#537363797
0!
#537368765
1"
#537373733
0"
#537373733
1!
#537373733
0!
#537378701
1"
#537383669
0"
#537383669
1!
#537383669
0!
#537388637
1"
#537393605
0"
#537393605
1!
#537393605
0!
#537398573
1"
#537403541
0"
#537403541
1!
#537403541
0!
#537408509
1"
#537413477
0"
#537418445
1"
#537423413
0"
#537423413
1!
#537423413
0!
#537428381
1"
#537433349
0"
#537433349
1!
#537433349
0!
#537438317
1"
#537443285
0"
#537443285
1!
#537448253
1"
#537453221
0"
#537453221
0!
#537458189
1"
#537463157
0"
#537463157
1!
#537468125
1"
#537473093
0"
#537478061
1"
#537483029
0"
#537487997
1"
#537492965
0"
#537492965
0!
#537497933
1"
#537502901
0"
#537507869
1"
#537512837
0"
#537512837
1!
#537512837
0!
#537517805
1"
#537522773
0"
#537522773
1!
#537522773
0!
#537527741
1"
#537532709
0"
#537532709
1!
#537532709
0!
#537537677
1"
#537542645
0"
#537542645
1!
#537542645
0!
#537547613
1"
#537552581
0"
#537552581
1!
#537552581
0!
#537557549
1"
#537562517
0"
#537562517
1!
#537562517
0!
#537567485
1"
#537572453
0"
#537572453
1!
#537572453
0!
#537577421
1"
#537582389
0"
#537582389
1!
#537582389
0!
#537587357
1"
#537592325
0"
#537639430
1"
#537644398
0"
#537644398
1!
#537649366
1"
#537654334
0"
#537654334
0!
#537659302
1"
#537664270
0"
#537664270
1!
#537664270
0!
#537669238
1"
#537674206
0"
#537674206
1!
#537679174
1"
#537684142
0"
#537684142
0!
#537689110
1"
#537694078
0"
#537694078
1!
#537699046
1"
#537704014
0"
#537708982
1"
#537713950
0"
#537718918
1"
#537723886
0"
#537766418
0!
#537771386
1"
#537776354
1!
#537938224
0!
#537943192
0"
#537943192
1!
#537948160
1"
#537953128
0"
#537958096
1"
#537963064
0"
#537968032
1"
#537973000
0"
#537973000
0!
#537977968
1"
#537982936
0"
#537982936
1!
#537987904
1"
#537992872
0"
#537997840
1"
#538002808
0"
#538002808
0!
#538007776
1"
#538012744
0"
#538017712
1"
#538022680
0"
#538027648
1"
#538032616
0"
#538032616
1!
#538037584
1"
#538042552
0"
#538047520
1"
#538052488
0"
#538057456
1"
#538062424
0"
#538062424
0!
#538067392
1"
#538072360
0"
#538077328
1"
#538082296
0"
#538087264
1"
#538092232
0"
#538097200
1"
#538102168
0"
#538102168
1!
#538107136
1"
#538112104
0"
#538112104
0!
#538117072
1"
#538122040
0"
#538122040
1!
#538192890
1"
#538202826
0!
#538207794
0"
#538207794
1!
#538212762
1"
#538217730
0"
#538222698
1"
#538227666
0"
#538232634
1"
#538237602
0"
#538237602
0!
#538242570
1"
#538247538
0"
#538247538
1!
#538252506
1"
#538257474
0"
#538262442
1"
#538267410
0"
#538267410
0!
#538272378
1"
#538277346
0"
#538277346
1!
#538282314
1"
#538287282
0"
#538287282
0!
#538292250
1"
#538297218
0"
#538297218
1!
#538297218
0!
#538302186
1"
#538307154
0"
#538307154
1!
#538312122
1"
#538317090
0"
#538322058
1"
#538327026
0"
#538327026
0!
#538331994
1"
#538336962
0"
#538336962
1!
#538341930
1"
#538346898
0"
#538346898
0!
#538351866
1"
#538356834
0"
#538356834
1!
#538361802
1"
#538366770
0"
#538366770
0!
#538371738
1"
#538376706
0"
#538376706
1!
#538376706
0!
#538381674
1"
#538386642
0"
#538391610
1"
#538396578
0"
#538396578
1!
#538396578
0!
#538401546
1"
#538406514
0"
#538406514
1!
#538406514
0!
#538411482
1"
#538416450
0"
#538416450
1!
#538416450
0!
#538421418
1"
#538426386
0"
#538426386
1!
#538426386
0!
#538431354
1"
#538436322
0"
#538436322
1!
#538436322
0!
#538441290
1"
#538446258
0"
#538446258
1!
#538446258
0!
#538451226
1"
#538456194
0"
#538456194
1!
#538461162
1"
#538466130
0"
#538466130
0!
#538471098
1"
#538476066
0"
#538481034
1"
#538486002
0"
#538486002
1!
#538486002
0!
#538490970
1"
#538495938
0"
#538495938
1!
#538495938
0!
#538500906
1"
#538505874
0"
#538505874
1!
#538505874
0!
#538510842
1"
#538515810
0"
#538515810
1!
#538515810
0!
#538520778
1"
#538525746
0"
#538525746
1!
#538525746
0!
#538530714
1"
#538535682
0"
#538535682
1!
#538535682
0!
#538540650
1"
#538545618
0"
#538545618
1!
#538545618
0!
#538550586
1"
#538555554
0"
#538555554
1!
#538555554
0!
#538560522
1"
#538565490
0"
#538570458
1"
#538575426
0"
#538575426
1!
#538575426
0!
#538580394
1"
#538585362
0"
#538585362
1!
#538585362
0!
#538590330
1"
#538595298
0"
#538595298
1!
#538600266
1"
#538605234
0"
#538605234
0!
#538610202
1"
#538615170
0"
#538615170
1!
#538615170
0!
#538620138
1"
#538625106
0"
#538625106
1!
#538630074
1"
#538635042
0"
#538640010
1"
#538644978
0"
#538644978
0!
#538649946
1"
#538654914
0"
#538659882
1"
#538664850
0"
#538664850
1!
#538664850
0!
#538669818
1"
#538674786
0"
#538674786
1!
#538679754
1"
#538684722
0"
#538684722
0!
#538689690
1"
#538694658
0"
#538694658
1!
#538699626
1"
#538704594
0"
#538704594
0!
#538709562
1"
#538714530
0"
#538714530
1!
#538719498
1"
#538724466
0"
#538729434
1"
#538734402
0"
#538734402
0!
#538739370
1"
#538744338
0"
#538749306
1"
#538754274
0"
#538754274
1!
#538754274
0!
#538759242
1"
#538764210
0"
#538764210
1!
#538764210
0!
#538769178
1"
#538774146
0"
#538774146
1!
#538774146
0!
#538779114
1"
#538784082
0"
#538784082
1!
#538784082
0!
#538789050
1"
#538794018
0"
#538794018
1!
#538794018
0!
#538798986
1"
#538803954
0"
#538803954
1!
#538808922
1"
#538813890
0"
#538818858
1"
#538823826
0"
#538823826
0!
#538828794
1"
#538833762
0"
#538879917
1"
#538884885
0"
#538884885
1!
#538884885
0!
#538889853
1"
#538894821
0"
#538894821
1!
#538894821
0!
#538899789
1"
#538904757
0"
#538904757
1!
#538909725
1"
#538914693
0"
#538919661
1"
#538924629
0"
#538929597
1"
#538934565
0"
#538939533
1"
#538944501
0"
#538944501
0!
#538949469
1"
#538954437
0"
#538954437
1!
#538959405
1"
#538964373
0"
#539006905
0!
#539011873
1"
#539016841
1!
#541451748
0!
#541456716
0"
#541456716
1!
#541461684
1"
#541466652
0"
#541471620
1"
#541476588
0"
#541481556
1"
#541486524
0"
#541486524
0!
#541491492
1"
#541496460
0"
#541496460
1!
#541501428
1"
#541506396
0"
#541511364
1"
#541516332
0"
#541516332
0!
#541521300
1"
#541526268
0"
#541531236
1"
#541536204
0"
#541541172
1"
#541546140
0"
#541546140
1!
#541551108
1"
#541556076
0"
#541561044
1"
#541566012
0"
#541570980
1"
#541575948
0"
#541580916
1"
#541585884
0"
#541585884
0!
#541590852
1"
#541595820
0"
#541600788
1"
#541605756
0"
#541605756
1!
#541610724
1"
#541615692
0"
#541615692
0!
#541620660
1"
#541625628
0"
#541630596
1"
#541635564
0"
#541635564
1!
#541635564
0!
#541640532
1"
#541645500
0"
#541650468
1"
#541655436
0"
#541660404
1"
#541665372
0"
#541670340
1"
#541675308
0"
#541680276
1"
#541685244
0"
#541690212
1"
#541695180
0"
#541700148
1"
#541705116
0"
#541705116
1!
#541710084
1"
#541715052
0"
#541715052
0!
#541720020
1"
#541724988
0"
#541724988
1!
#541766638
0!
#541771606
1"
#541776574
1!
#541922482
0!
#541927450
0"
#541927450
1!
#541932418
1"
#541937386
0"
#541942354
1"
#541947322
0"
#541952290
1"
#541957258
0"
#541957258
0!
#541962226
1"
#541967194
0"
#541967194
1!
#541972162
1"
#541977130
0"
#541982098
1"
#541987066
0"
#541987066
0!
#541992034
1"
#541997002
0"
#542001970
1"
#542006938
0"
#542011906
1"
#542016874
0"
#542016874
1!
#542021842
1"
#542026810
0"
#542031778
1"
#542036746
0"
#542041714
1"
#542046682
0"
#542051650
1"
#542056618
0"
#542056618
0!
#542061586
1"
#542066554
0"
#542066554
1!
#542071522
1"
#542076490
0"
#542076490
0!
#542081458
1"
#542086426
0"
#542086426
1!
#542091394
1"
#542096362
0"
#542096362
0!
#542101330
1"
#542106298
0"
#542106298
1!
#542111266
1"
#542116234
0"
#542116234
0!
#542121202
1"
#542126170
0"
#542131138
1"
#542136106
0"
#542141074
1"
#542146042
0"
#542151010
1"
#542155978
0"
#542160946
1"
#542165914
0"
#542170882
1"
#542175850
0"
#542180818
1"
#542185786
0"
#542190754
1"
#542195722
0"
#542195722
1!
#542237372
0!
#542242340
1"
#542247308
1!
#542393466
0!
#542398434
0"
#542398434
1!
#542403402
1"
#542408370
0"
#542413338
1"
#542418306
0"
#542423274
1"
#542428242
0"
#542428242
0!
#542433210
1"
#542438178
0"
#542438178
1!
#542443146
1"
#542448114
0"
#542453082
1"
#542458050
0"
#542458050
0!
#542463018
1"
#542467986
0"
#542472954
1"
#542477922
0"
#542482890
1"
#542487858
0"
#542487858
1!
#542492826
1"
#542497794
0"
#542502762
1"
#542507730
0"
#542512698
1"
#542517666
0"
#542522634
1"
#542527602
0"
#542527602
0!
#542532570
1"
#542537538
0"
#542537538
1!
#542542506
1"
#542547474
0"
#542547474
0!
#542552442
1"
#542557410
0"
#542562378
1"
#542567346
0"
#542572314
1"
#542577282
0"
#542577282
1!
#542577282
0!
#542582250
1"
#542587218
0"
#542592186
1"
#542597154
0"
#542597154
1!
#542602122
1"
#542607090
0"
#542607090
0!
#542612058
1"
#542617026
0"
#542621994
1"
#542626962
0"
#542626962
1!
#542631930
1"
#542636898
0"
#542636898
0!
#542641866
1"
#542646834
0"
#542651802
1"
#542656770
0"
#542661738
1"
#542666706
0"
#542666706
1!
#542708356
0!
#542713324
1"
#542718292
1!
#548666637
0!
#548671605
0"
#548671605
1!
#548676573
1"
#548681541
0"
#548686509
1"
#548691477
0"
#548696445
1"
#548701413
0"
#548701413
0!
#548706381
1"
#548711349
0"
#548711349
1!
#548716317
1"
#548721285
0"
#548726253
1"
#548731221
0"
#548731221
0!
#548736189
1"
#548741157
0"
#548746125
1"
#548751093
0"
#548756061
1"
#548761029
0"
#548761029
1!
#548765997
1"
#548770965
0"
#548775933
1"
#548780901
0"
#548785869
1"
#548790837
0"
#548795805
1"
#548800773
0"
#548800773
0!
#548805741
1"
#548810709
0"
#548810709
1!
#548815677
1"
#548820645
0"
#548820645
0!
#548825613
1"
#548830581
0"
#548835549
1"
#548840517
0"
#548845485
1"
#548850453
0"
#548850453
1!
#548921503
1"
#548931439
0!
#548936407
0"
#548936407
1!
#548941375
1"
#548946343
0"
#548951311
1"
#548956279
0"
#548961247
1"
#548966215
0"
#548966215
0!
#548971183
1"
#548976151
0"
#548976151
1!
#548981119
1"
#548986087
0"
#548991055
1"
#548996023
0"
#548996023
0!
#549000991
1"
#549005959
0"
#549005959
1!
#549010927
1"
#549015895
0"
#549015895
0!
#549020863
1"
#549025831
0"
#549025831
1!
#549025831
0!
#549030799
1"
#549035767
0"
#549035767
1!
#549035767
0!
#549040735
1"
#549045703
0"
#549045703
1!
#549050671
1"
#549055639
0"
#549055639
0!
#549060607
1"
#549065575
0"
#549065575
1!
#549065575
0!
#549070543
1"
#549075511
0"
#549075511
1!
#549080479
1"
#549085447
0"
#549085447
0!
#549090415
1"
#549095383
0"
#549095383
1!
#549095383
0!
#549100351
1"
#549105319
0"
#549105319
1!
#549105319
0!
#549110287
1"
#549115255
0"
#549155905
1!
#549160873
1"
#549165841
0"
#549165841
0!
#549170809
1"
#549175777
0"
#549175777
1!
#549175777
0!
#549180745
1"
#549185713
0"
#549185713
1!
#549185713
0!
#549190681
1"
#549195649
0"
#549195649
1!
#549195649
0!
#549200617
1"
#549205585
0"
#549205585
1!
#549205585
0!
#549210553
1"
#549215521
0"
#549215521
1!
#549215521
0!
#549220489
1"
#549225457
0"
#549225457
1!
#549225457
0!
#549230425
1"
#549235393
0"
#549235393
1!
#549240361
1"
#549245329
0"
#549280317
0!
#549285285
1"
#549290253
1!
#549436286
0!
#549441254
0"
#549441254
1!
#549446222
1"
#549451190
0"
#549456158
1"
#549461126
0"
#549466094
1"
#549471062
0"
#549471062
0!
#549476030
1"
#549480998
0"
#549480998
1!
#549485966
1"
#549490934
0"
#549495902
1"
#549500870
0"
#549500870
0!
#549505838
1"
#549510806
0"
#549515774
1"
#549520742
0"
#549525710
1"
#549530678
0"
#549530678
1!
#549535646
1"
#549540614
0"
#549545582
1"
#549550550
0"
#549555518
1"
#549560486
0"
#549565454
1"
#549570422
0"
#549570422
0!
#549575390
1"
#549580358
0"
#549580358
1!
#549585326
1"
#549590294
0"
#549590294
0!
#549595262
1"
#549600230
0"
#549605198
1"
#549610166
0"
#549615134
1"
#549620102
0"
#549620102
1!
#549620102
0!
#549625070
1"
#549630038
0"
#549635006
1"
#549639974
0"
#549639974
1!
#549644942
1"
#549649910
0"
#549649910
0!
#549654878
1"
#549659846
0"
#549664814
1"
#549669782
0"
#549669782
1!
#549674750
1"
#549679718
0"
#549679718
0!
#549684686
1"
#549689654
0"
#549689654
1!
#549694622
1"
#549699590
0"
#549699590
0!
#549704558
1"
#549709526
0"
#549709526
1!
#549751176
0!
#549756144
1"
#549761112
1!
#549923357
0!
#549928325
0"
#549928325
1!
#549933293
1"
#549938261
0"
#549943229
1"
#549948197
0"
#549953165
1"
#549958133
0"
#549958133
0!
#549963101
1"
#549968069
0"
#549968069
1!
#549973037
1"
#549978005
0"
#549982973
1"
#549987941
0"
#549987941
0!
#549992909
1"
#549997877
0"
#550002845
1"
#550007813
0"
#550012781
1"
#550017749
0"
#550017749
1!
#550022717
1"
#550027685
0"
#550032653
1"
#550037621
0"
#550042589
1"
#550047557
0"
#550052525
1"
#550057493
0"
#550057493
0!
#550062461
1"
#550067429
0"
#550072397
1"
#550077365
0"
#550077365
1!
#550082333
1"
#550087301
0"
#550092269
1"
#550097237
0"
#550097237
0!
#550102205
1"
#550107173
0"
#550107173
1!
#550178223
1"
#550188159
0!
#550193127
0"
#550193127
1!
#550198095
1"
#550203063
0"
#550208031
1"
#550212999
0"
#550217967
1"
#550222935
0"
#550222935
0!
#550227903
1"
#550232871
0"
#550232871
1!
#550237839
1"
#550242807
0"
#550247775
1"
#550252743
0"
#550252743
0!
#550257711
1"
#550262679
0"
#550262679
1!
#550267647
1"
#550272615
0"
#550272615
0!
#550277583
1"
#550282551
0"
#550282551
1!
#550282551
0!
#550287519
1"
#550292487
0"
#550292487
1!
#550292487
0!
#550297455
1"
#550302423
0"
#550302423
1!
#550302423
0!
#550307391
1"
#550312359
0"
#550312359
1!
#550312359
0!
#550317327
1"
#550322295
0"
#550322295
1!
#550327263
1"
#550332231
0"
#550332231
0!
#550337199
1"
#550342167
0"
#550342167
1!
#550342167
0!
#550347135
1"
#550352103
0"
#550352103
1!
#550352103
0!
#550357071
1"
#550362039
0"
#550362039
1!
#550362039
0!
#550367007
1"
#550371975
0"
#550417593
1"
#550422561
0"
#550422561
1!
#550422561
0!
#550427529
1"
#550432497
0"
#550432497
1!
#550437465
1"
#550442433
0"
#550442433
0!
#550447401
1"
#550452369
0"
#550452369
1!
#550452369
0!
#550457337
1"
#550462305
0"
#550462305
1!
#550467273
1"
#550472241
0"
#550472241
0!
#550477209
1"
#550482177
0"
#550482177
1!
#550487145
1"
#550492113
0"
#550497081
1"
#550502049
0"
#550544580
0!
#550549548
1"
#550554516
1!
#550717137
0!
#550722105
0"
#550722105
1!
#550727073
1"
#550732041
0"
#550737009
1"
#550741977
0"
#550746945
1"
#550751913
0"
#550751913
0!
#550756881
1"
#550761849
0"
#550761849
1!
#550766817
1"
#550771785
0"
#550776753
1"
#550781721
0"
#550781721
0!
#550786689
1"
#550791657
0"
#550796625
1"
#550801593
0"
#550806561
1"
#550811529
0"
#550811529
1!
#550816497
1"
#550821465
0"
#550826433
1"
#550831401
0"
#550836369
1"
#550841337
0"
#550846305
1"
#550851273
0"
#550851273
0!
#550856241
1"
#550861209
0"
#550866177
1"
#550871145
0"
#550871145
1!
#550876113
1"
#550881081
0"
#550886049
1"
#550891017
0"
#550891017
0!
#550895985
1"
#550900953
0"
#550900953
1!
#550972003
1"
#550981939
0!
#550986907
0"
#550986907
1!
#550991875
1"
#550996843
0"
#551001811
1"
#551006779
0"
#551011747
1"
#551016715
0"
#551016715
0!
#551021683
1"
#551026651
0"
#551026651
1!
#551031619
1"
#551036587
0"
#551041555
1"
#551046523
0"
#551046523
0!
#551051491
1"
#551056459
0"
#551056459
1!
#551061427
1"
#551066395
0"
#551066395
0!
#551071363
1"
#551076331
0"
#551076331
1!
#551076331
0!
#551081299
1"
#551086267
0"
#551086267
1!
#551086267
0!
#551091235
1"
#551096203
0"
#551096203
1!
#551096203
0!
#551101171
1"
#551106139
0"
#551106139
1!
#551106139
0!
#551111107
1"
#551116075
0"
#551116075
1!
#551121043
1"
#551126011
0"
#551126011
0!
#551130979
1"
#551135947
0"
#551135947
1!
#551135947
0!
#551140915
1"
#551145883
0"
#551145883
1!
#551145883
0!
#551150851
1"
#551155819
0"
#551155819
1!
#551155819
0!
#551160787
1"
#551165755
0"
#551211373
1"
#551216341
0"
#551216341
1!
#551216341
0!
#551221309
1"
#551226277
0"
#551226277
1!
#551231245
1"
#551236213
0"
#551236213
0!
#551241181
1"
#551246149
0"
#551246149
1!
#551246149
0!
#551251117
1"
#551256085
0"
#551256085
1!
#551261053
1"
#551266021
0"
#551266021
0!
#551270989
1"
#551275957
0"
#551275957
1!
#551280925
1"
#551285893
0"
#551290861
1"
#551295829
0"
#551338360
0!
#551343328
1"
#551348296
1!
#551510916
0!
#551515884
0"
#551515884
1!
#551520852
1"
#551525820
0"
#551530788
1"
#551535756
0"
#551540724
1"
#551545692
0"
#551545692
0!
#551550660
1"
#551555628
0"
#551555628
1!
#551560596
1"
#551565564
0"
#551570532
1"
#551575500
0"
#551575500
0!
#551580468
1"
#551585436
0"
#551590404
1"
#551595372
0"
#551600340
1"
#551605308
0"
#551605308
1!
#551610276
1"
#551615244
0"
#551620212
1"
#551625180
0"
#551630148
1"
#551635116
0"
#551640084
1"
#551645052
0"
#551645052
0!
#551650020
1"
#551654988
0"
#551659956
1"
#551664924
0"
#551664924
1!
#551669892
1"
#551674860
0"
#551679828
1"
#551684796
0"
#551684796
0!
#551689764
1"
#551694732
0"
#551694732
1!
#551765782
1"
#551775718
0!
#551780686
0"
#551780686
1!
#551785654
1"
#551790622
0"
#551795590
1"
#551800558
0"
#551805526
1"
#551810494
0"
#551810494
0!
#551815462
1"
#551820430
0"
#551820430
1!
#551825398
1"
#551830366
0"
#551835334
1"
#551840302
0"
#551840302
0!
#551845270
1"
#551850238
0"
#551850238
1!
#551855206
1"
#551860174
0"
#551860174
0!
#551865142
1"
#551870110
0"
#551870110
1!
#551870110
0!
#551875078
1"
#551880046
0"
#551880046
1!
#551880046
0!
#551885014
1"
#551889982
0"
#551889982
1!
#551889982
0!
#551894950
1"
#551899918
0"
#551899918
1!
#551899918
0!
#551904886
1"
#551909854
0"
#551909854
1!
#551914822
1"
#551919790
0"
#551919790
0!
#551924758
1"
#551929726
0"
#551929726
1!
#551929726
0!
#551934694
1"
#551939662
0"
#551939662
1!
#551939662
0!
#551944630
1"
#551949598
0"
#551949598
1!
#551949598
0!
#551954566
1"
#551959534
0"
#552005152
1"
#552010120
0"
#552010120
1!
#552010120
0!
#552015088
1"
#552020056
0"
#552020056
1!
#552025024
1"
#552029992
0"
#552029992
0!
#552034960
1"
#552039928
0"
#552039928
1!
#552039928
0!
#552044896
1"
#552049864
0"
#552049864
1!
#552054832
1"
#552059800
0"
#552059800
0!
#552064768
1"
#552069736
0"
#552069736
1!
#552074704
1"
#552079672
0"
#552084640
1"
#552089608
0"
#552132139
0!
#552137107
1"
#552142075
1!
#552304696
0!
#552309664
0"
#552309664
1!
#552314632
1"
#552319600
0"
#552324568
1"
#552329536
0"
#552334504
1"
#552339472
0"
#552339472
0!
#552344440
1"
#552349408
0"
#552349408
1!
#552354376
1"
#552359344
0"
#552364312
1"
#552369280
0"
#552369280
0!
#552374248
1"
#552379216
0"
#552384184
1"
#552389152
0"
#552394120
1"
#552399088
0"
#552399088
1!
#552404056
1"
#552409024
0"
#552413992
1"
#552418960
0"
#552423928
1"
#552428896
0"
#552433864
1"
#552438832
0"
#552438832
0!
#552443800
1"
#552448768
0"
#552453736
1"
#552458704
0"
#552458704
1!
#552463672
1"
#552468640
0"
#552473608
1"
#552478576
0"
#552478576
0!
#552483544
1"
#552488512
0"
#552488512
1!
#552559562
1"
#552569498
0!
#552574466
0"
#552574466
1!
#552579434
1"
#552584402
0"
#552589370
1"
#552594338
0"
#552599306
1"
#552604274
0"
#552604274
0!
#552609242
1"
#552614210
0"
#552614210
1!
#552619178
1"
#552624146
0"
#552629114
1"
#552634082
0"
#552634082
0!
#552639050
1"
#552644018
0"
#552644018
1!
#552648986
1"
#552653954
0"
#552653954
0!
#552658922
1"
#552663890
0"
#552663890
1!
#552663890
0!
#552668858
1"
#552673826
0"
#552673826
1!
#552673826
0!
#552678794
1"
#552683762
0"
#552683762
1!
#552683762
0!
#552688730
1"
#552693698
0"
#552693698
1!
#552693698
0!
#552698666
1"
#552703634
0"
#552703634
1!
#552708602
1"
#552713570
0"
#552713570
0!
#552718538
1"
#552723506
0"
#552723506
1!
#552723506
0!
#552728474
1"
#552733442
0"
#552733442
1!
#552733442
0!
#552738410
1"
#552743378
0"
#552743378
1!
#552743378
0!
#552748346
1"
#552753314
0"
#552798932
1"
#552803900
0"
#552803900
1!
#552803900
0!
#552808868
1"
#552813836
0"
#552813836
1!
#552818804
1"
#552823772
0"
#552823772
0!
#552828740
1"
#552833708
0"
#552833708
1!
#552833708
0!
#552838676
1"
#552843644
0"
#552843644
1!
#552848612
1"
#552853580
0"
#552853580
0!
#552858548
1"
#552863516
0"
#552863516
1!
#552868484
1"
#552873452
0"
#552878420
1"
#552883388
0"
#552925919
0!
#552930887
1"
#552935855
1!
#553098475
0!
#553103443
0"
#553103443
1!
#553108411
1"
#553113379
0"
#553118347
1"
#553123315
0"
#553128283
1"
#553133251
0"
#553133251
0!
#553138219
1"
#553143187
0"
#553143187
1!
#553148155
1"
#553153123
0"
#553158091
1"
#553163059
0"
#553163059
0!
#553168027
1"
#553172995
0"
#553177963
1"
#553182931
0"
#553187899
1"
#553192867
0"
#553192867
1!
#553197835
1"
#553202803
0"
#553207771
1"
#553212739
0"
#553217707
1"
#553222675
0"
#553227643
1"
#553232611
0"
#553232611
0!
#553237579
1"
#553242547
0"
#553247515
1"
#553252483
0"
#553252483
1!
#553257451
1"
#553262419
0"
#553267387
1"
#553272355
0"
#553272355
0!
#553277323
1"
#553282291
0"
#553282291
1!
#553353341
1"
#553363277
0!
#553368245
0"
#553368245
1!
#553373213
1"
#553378181
0"
#553383149
1"
#553388117
0"
#553393085
1"
#553398053
0"
#553398053
0!
#553403021
1"
#553407989
0"
#553407989
1!
#553412957
1"
#553417925
0"
#553422893
1"
#553427861
0"
#553427861
0!
#553432829
1"
#553437797
0"
#553437797
1!
#553442765
1"
#553447733
0"
#553447733
0!
#553452701
1"
#553457669
0"
#553457669
1!
#553457669
0!
#553462637
1"
#553467605
0"
#553467605
1!
#553467605
0!
#553472573
1"
#553477541
0"
#553477541
1!
#553477541
0!
#553482509
1"
#553487477
0"
#553487477
1!
#553487477
0!
#553492445
1"
#553497413
0"
#553497413
1!
#553502381
1"
#553507349
0"
#553507349
0!
#553512317
1"
#553517285
0"
#553517285
1!
#553517285
0!
#553522253
1"
#553527221
0"
#553527221
1!
#553527221
0!
#553532189
1"
#553537157
0"
#553537157
1!
#553537157
0!
#553542125
1"
#553547093
0"
#553592711
1"
#553597679
0"
#553597679
1!
#553597679
0!
#553602647
1"
#553607615
0"
#553607615
1!
#553612583
1"
#553617551
0"
#553617551
0!
#553622519
1"
#553627487
0"
#553627487
1!
#553627487
0!
#553632455
1"
#553637423
0"
#553637423
1!
#553642391
1"
#553647359
0"
#553647359
0!
#553652327
1"
#553657295
0"
#553657295
1!
#553662263
1"
#553667231
0"
#553672199
1"
#553677167
0"
#553719698
0!
#553724666
1"
#553729634
1!
#553892255
0!
#553897223
0"
#553897223
1!
#553902191
1"
#553907159
0"
#553912127
1"
#553917095
0"
#553922063
1"
#553927031
0"
#553927031
0!
#553931999
1"
#553936967
0"
#553936967
1!
#553941935
1"
#553946903
0"
#553951871
1"
#553956839
0"
#553956839
0!
#553961807
1"
#553966775
0"
#553971743
1"
#553976711
0"
#553981679
1"
#553986647
0"
#553986647
1!
#553991615
1"
#553996583
0"
#554001551
1"
#554006519
0"
#554011487
1"
#554016455
0"
#554021423
1"
#554026391
0"
#554026391
0!
#554031359
1"
#554036327
0"
#554041295
1"
#554046263
0"
#554046263
1!
#554051231
1"
#554056199
0"
#554061167
1"
#554066135
0"
#554066135
0!
#554071103
1"
#554076071
0"
#554076071
1!
#554147121
1"
#554157057
0!
#554162025
0"
#554162025
1!
#554166993
1"
#554171961
0"
#554176929
1"
#554181897
0"
#554186865
1"
#554191833
0"
#554191833
0!
#554196801
1"
#554201769
0"
#554201769
1!
#554206737
1"
#554211705
0"
#554216673
1"
#554221641
0"
#554221641
0!
#554226609
1"
#554231577
0"
#554231577
1!
#554236545
1"
#554241513
0"
#554241513
0!
#554246481
1"
#554251449
0"
#554251449
1!
#554251449
0!
#554256417
1"
#554261385
0"
#554261385
1!
#554261385
0!
#554266353
1"
#554271321
0"
#554271321
1!
#554271321
0!
#554276289
1"
#554281257
0"
#554281257
1!
#554281257
0!
#554286225
1"
#554291193
0"
#554291193
1!
#554296161
1"
#554301129
0"
#554301129
0!
#554306097
1"
#554311065
0"
#554311065
1!
#554311065
0!
#554316033
1"
#554321001
0"
#554321001
1!
#554321001
0!
#554325969
1"
#554330937
0"
#554330937
1!
#554330937
0!
#554335905
1"
#554340873
0"
#554386491
1"
#554391459
0"
#554391459
1!
#554391459
0!
#554396427
1"
#554401395
0"
#554401395
1!
#554406363
1"
#554411331
0"
#554411331
0!
#554416299
1"
#554421267
0"
#554421267
1!
#554421267
0!
#554426235
1"
#554431203
0"
#554431203
1!
#554436171
1"
#554441139
0"
#554441139
0!
#554446107
1"
#554451075
0"
#554451075
1!
#554456043
1"
#554461011
0"
#554465979
1"
#554470947
0"
#554513478
0!
#554518446
1"
#554523414
1!
#554686034
0!
#554691002
0"
#554691002
1!
#554695970
1"
#554700938
0"
#554705906
1"
#554710874
0"
#554715842
1"
#554720810
0"
#554720810
0!
#554725778
1"
#554730746
0"
#554730746
1!
#554735714
1"
#554740682
0"
#554745650
1"
#554750618
0"
#554750618
0!
#554755586
1"
#554760554
0"
#554765522
1"
#554770490
0"
#554775458
1"
#554780426
0"
#554780426
1!
#554785394
1"
#554790362
0"
#554795330
1"
#554800298
0"
#554805266
1"
#554810234
0"
#554815202
1"
#554820170
0"
#554820170
0!
#554825138
1"
#554830106
0"
#554835074
1"
#554840042
0"
#554840042
1!
#554845010
1"
#554849978
0"
#554854946
1"
#554859914
0"
#554859914
0!
#554864882
1"
#554869850
0"
#554869850
1!
#554940900
1"
#554950836
0!
#554955804
0"
#554955804
1!
#554960772
1"
#554965740
0"
#554970708
1"
#554975676
0"
#554980644
1"
#554985612
0"
#554985612
0!
#554990580
1"
#554995548
0"
#554995548
1!
#555000516
1"
#555005484
0"
#555010452
1"
#555015420
0"
#555015420
0!
#555020388
1"
#555025356
0"
#555025356
1!
#555030324
1"
#555035292
0"
#555035292
0!
#555040260
1"
#555045228
0"
#555045228
1!
#555045228
0!
#555050196
1"
#555055164
0"
#555055164
1!
#555055164
0!
#555060132
1"
#555065100
0"
#555065100
1!
#555065100
0!
#555070068
1"
#555075036
0"
#555075036
1!
#555075036
0!
#555080004
1"
#555084972
0"
#555084972
1!
#555089940
1"
#555094908
0"
#555094908
0!
#555099876
1"
#555104844
0"
#555104844
1!
#555104844
0!
#555109812
1"
#555114780
0"
#555114780
1!
#555114780
0!
#555119748
1"
#555124716
0"
#555124716
1!
#555124716
0!
#555129684
1"
#555134652
0"
#555180270
1"
#555185238
0"
#555185238
1!
#555185238
0!
#555190206
1"
#555195174
0"
#555195174
1!
#555200142
1"
#555205110
0"
#555205110
0!
#555210078
1"
#555215046
0"
#555215046
1!
#555215046
0!
#555220014
1"
#555224982
0"
#555224982
1!
#555229950
1"
#555234918
0"
#555234918
0!
#555239886
1"
#555244854
0"
#555244854
1!
#555249822
1"
#555254790
0"
#555259758
1"
#555264726
0"
#555307257
0!
#555312225
1"
#555317193
1!
#555479814
0!
#555484782
0"
#555484782
1!
#555489750
1"
#555494718
0"
#555499686
1"
#555504654
0"
#555509622
1"
#555514590
0"
#555514590
0!
#555519558
1"
#555524526
0"
#555524526
1!
#555529494
1"
#555534462
0"
#555539430
1"
#555544398
0"
#555544398
0!
#555549366
1"
#555554334
0"
#555559302
1"
#555564270
0"
#555569238
1"
#555574206
0"
#555574206
1!
#555579174
1"
#555584142
0"
#555589110
1"
#555594078
0"
#555599046
1"
#555604014
0"
#555608982
1"
#555613950
0"
#555613950
0!
#555618918
1"
#555623886
0"
#555628854
1"
#555633822
0"
#555633822
1!
#555638790
1"
#555643758
0"
#555648726
1"
#555653694
0"
#555653694
0!
#555658662
1"
#555663630
0"
#555663630
1!
#555734695
1"
#555744631
0!
#555749599
0"
#555749599
1!
#555754567
1"
#555759535
0"
#555764503
1"
#555769471
0"
#555774439
1"
#555779407
0"
#555779407
0!
#555784375
1"
#555789343
0"
#555789343
1!
#555794311
1"
#555799279
0"
#555804247
1"
#555809215
0"
#555809215
0!
#555814183
1"
#555819151
0"
#555819151
1!
#555824119
1"
#555829087
0"
#555829087
0!
#555834055
1"
#555839023
0"
#555839023
1!
#555839023
0!
#555843991
1"
#555848959
0"
#555848959
1!
#555848959
0!
#555853927
1"
#555858895
0"
#555858895
1!
#555858895
0!
#555863863
1"
#555868831
0"
#555868831
1!
#555868831
0!
#555873799
1"
#555878767
0"
#555878767
1!
#555883735
1"
#555888703
0"
#555888703
0!
#555893671
1"
#555898639
0"
#555898639
1!
#555898639
0!
#555903607
1"
#555908575
0"
#555908575
1!
#555908575
0!
#555913543
1"
#555918511
0"
#555918511
1!
#555918511
0!
#555923479
1"
#555928447
0"
#555974065
1"
#555979033
0"
#555979033
1!
#555979033
0!
#555984001
1"
#555988969
0"
#555988969
1!
#555993937
1"
#555998905
0"
#555998905
0!
#556003873
1"
#556008841
0"
#556008841
1!
#556008841
0!
#556013809
1"
#556018777
0"
#556018777
1!
#556023745
1"
#556028713
0"
#556028713
0!
#556033681
1"
#556038649
0"
#556038649
1!
#556043617
1"
#556048585
0"
#556053553
1"
#556058521
0"
#556101116
0!
#556106084
1"
#556111052
1!
#556273673
0!
#556278641
0"
#556278641
1!
#556283609
1"
#556288577
0"
#556293545
1"
#556298513
0"
#556303481
1"
#556308449
0"
#556308449
0!
#556313417
1"
#556318385
0"
#556318385
1!
#556323353
1"
#556328321
0"
#556333289
1"
#556338257
0"
#556338257
0!
#556343225
1"
#556348193
0"
#556353161
1"
#556358129
0"
#556363097
1"
#556368065
0"
#556368065
1!
#556373033
1"
#556378001
0"
#556382969
1"
#556387937
0"
#556392905
1"
#556397873
0"
#556402841
1"
#556407809
0"
#556407809
0!
#556412777
1"
#556417745
0"
#556422713
1"
#556427681
0"
#556427681
1!
#556432649
1"
#556437617
0"
#556442585
1"
#556447553
0"
#556447553
0!
#556452521
1"
#556457489
0"
#556457489
1!
#556528539
1"
#556538475
0!
#556543443
0"
#556543443
1!
#556548411
1"
#556553379
0"
#556558347
1"
#556563315
0"
#556568283
1"
#556573251
0"
#556573251
0!
#556578219
1"
#556583187
0"
#556583187
1!
#556588155
1"
#556593123
0"
#556598091
1"
#556603059
0"
#556603059
0!
#556608027
1"
#556612995
0"
#556612995
1!
#556617963
1"
#556622931
0"
#556622931
0!
#556627899
1"
#556632867
0"
#556632867
1!
#556632867
0!
#556637835
1"
#556642803
0"
#556642803
1!
#556642803
0!
#556647771
1"
#556652739
0"
#556652739
1!
#556652739
0!
#556657707
1"
#556662675
0"
#556662675
1!
#556662675
0!
#556667643
1"
#556672611
0"
#556672611
1!
#556677579
1"
#556682547
0"
#556682547
0!
#556687515
1"
#556692483
0"
#556692483
1!
#556692483
0!
#556697451
1"
#556702419
0"
#556702419
1!
#556702419
0!
#556707387
1"
#556712355
0"
#556712355
1!
#556712355
0!
#556717323
1"
#556722291
0"
#556767909
1"
#556772877
0"
#556772877
1!
#556772877
0!
#556777845
1"
#556782813
0"
#556782813
1!
#556787781
1"
#556792749
0"
#556792749
0!
#556797717
1"
#556802685
0"
#556802685
1!
#556802685
0!
#556807653
1"
#556812621
0"
#556812621
1!
#556817589
1"
#556822557
0"
#556822557
0!
#556827525
1"
#556832493
0"
#556832493
1!
#556837461
1"
#556842429
0"
#556847397
1"
#556852365
0"
#556894896
0!
#556899864
1"
#556904832
1!
#557067452
0!
#557072420
0"
#557072420
1!
#557077388
1"
#557082356
0"
#557087324
1"
#557092292
0"
#557097260
1"
#557102228
0"
#557102228
0!
#557107196
1"
#557112164
0"
#557112164
1!
#557117132
1"
#557122100
0"
#557127068
1"
#557132036
0"
#557132036
0!
#557137004
1"
#557141972
0"
#557146940
1"
#557151908
0"
#557156876
1"
#557161844
0"
#557161844
1!
#557166812
1"
#557171780
0"
#557176748
1"
#557181716
0"
#557186684
1"
#557191652
0"
#557196620
1"
#557201588
0"
#557201588
0!
#557206556
1"
#557211524
0"
#557216492
1"
#557221460
0"
#557221460
1!
#557226428
1"
#557231396
0"
#557236364
1"
#557241332
0"
#557241332
0!
#557246300
1"
#557251268
0"
#557251268
1!
#557322318
1"
#557332254
0!
#557337222
0"
#557337222
1!
#557342190
1"
#557347158
0"
#557352126
1"
#557357094
0"
#557362062
1"
#557367030
0"
#557367030
0!
#557371998
1"
#557376966
0"
#557376966
1!
#557381934
1"
#557386902
0"
#557391870
1"
#557396838
0"
#557396838
0!
#557401806
1"
#557406774
0"
#557406774
1!
#557411742
1"
#557416710
0"
#557416710
0!
#557421678
1"
#557426646
0"
#557426646
1!
#557426646
0!
#557431614
1"
#557436582
0"
#557436582
1!
#557436582
0!
#557441550
1"
#557446518
0"
#557446518
1!
#557446518
0!
#557451486
1"
#557456454
0"
#557456454
1!
#557456454
0!
#557461422
1"
#557466390
0"
#557466390
1!
#557471358
1"
#557476326
0"
#557476326
0!
#557481294
1"
#557486262
0"
#557486262
1!
#557486262
0!
#557491230
1"
#557496198
0"
#557496198
1!
#557496198
0!
#557501166
1"
#557506134
0"
#557506134
1!
#557506134
0!
#557511102
1"
#557516070
0"
#557561688
1"
#557566656
0"
#557566656
1!
#557566656
0!
#557571624
1"
#557576592
0"
#557576592
1!
#557581560
1"
#557586528
0"
#557586528
0!
#557591496
1"
#557596464
0"
#557596464
1!
#557596464
0!
#557601432
1"
#557606400
0"
#557606400
1!
#557611368
1"
#557616336
0"
#557616336
0!
#557621304
1"
#557626272
0"
#557626272
1!
#557631240
1"
#557636208
0"
#557641176
1"
#557646144
0"
#557688675
0!
#557693643
1"
#557698611
1!
#557861232
0!
#557866200
0"
#557866200
1!
#557871168
1"
#557876136
0"
#557881104
1"
#557886072
0"
#557891040
1"
#557896008
0"
#557896008
0!
#557900976
1"
#557905944
0"
#557905944
1!
#557910912
1"
#557915880
0"
#557920848
1"
#557925816
0"
#557925816
0!
#557930784
1"
#557935752
0"
#557940720
1"
#557945688
0"
#557950656
1"
#557955624
0"
#557955624
1!
#557960592
1"
#557965560
0"
#557970528
1"
#557975496
0"
#557980464
1"
#557985432
0"
#557990400
1"
#557995368
0"
#557995368
0!
#558000336
1"
#558005304
0"
#558010272
1"
#558015240
0"
#558015240
1!
#558020208
1"
#558025176
0"
#558030144
1"
#558035112
0"
#558035112
0!
#558040080
1"
#558045048
0"
#558045048
1!
#558116098
1"
#558126034
0!
#558131002
0"
#558131002
1!
#558135970
1"
#558140938
0"
#558145906
1"
#558150874
0"
#558155842
1"
#558160810
0"
#558160810
0!
#558165778
1"
#558170746
0"
#558170746
1!
#558175714
1"
#558180682
0"
#558185650
1"
#558190618
0"
#558190618
0!
#558195586
1"
#558200554
0"
#558200554
1!
#558205522
1"
#558210490
0"
#558210490
0!
#558215458
1"
#558220426
0"
#558220426
1!
#558220426
0!
#558225394
1"
#558230362
0"
#558230362
1!
#558230362
0!
#558235330
1"
#558240298
0"
#558240298
1!
#558240298
0!
#558245266
1"
#558250234
0"
#558250234
1!
#558250234
0!
#558255202
1"
#558260170
0"
#558260170
1!
#558260170
0!
#558265138
1"
#558270106
0"
#558270106
1!
#558270106
0!
#558275074
1"
#558280042
0"
#558280042
1!
#558280042
0!
#558285010
1"
#558289978
0"
#558289978
1!
#558289978
0!
#558294946
1"
#558299914
0"
#558299914
1!
#558299914
0!
#558304882
1"
#558309850
0"
#558355468
1"
#558360436
0"
#558360436
1!
#558360436
0!
#558365404
1"
#558370372
0"
#558370372
1!
#558375340
1"
#558380308
0"
#558380308
0!
#558385276
1"
#558390244
0"
#558390244
1!
#558390244
0!
#558395212
1"
#558400180
0"
#558400180
1!
#558405148
1"
#558410116
0"
#558410116
0!
#558415084
1"
#558420052
0"
#558420052
1!
#558420052
0!
#558425020
1"
#558429988
0"
#558429988
1!
#558434956
1"
#558439924
0"
#558482455
0!
#558487423
1"
#558492391
1!
#558655580
0!
#558660548
0"
#558660548
1!
#558665516
1"
#558670484
0"
#558675452
1"
#558680420
0"
#558685388
1"
#558690356
0"
#558690356
0!
#558695324
1"
#558700292
0"
#558700292
1!
#558705260
1"
#558710228
0"
#558715196
1"
#558720164
0"
#558720164
0!
#558725132
1"
#558730100
0"
#558735068
1"
#558740036
0"
#558745004
1"
#558749972
0"
#558749972
1!
#558754940
1"
#558759908
0"
#558764876
1"
#558769844
0"
#558774812
1"
#558779780
0"
#558784748
1"
#558789716
0"
#558789716
0!
#558794684
1"
#558799652
0"
#558799652
1!
#558804620
1"
#558809588
0"
#558814556
1"
#558819524
0"
#558824492
1"
#558829460
0"
#558829460
0!
#558834428
1"
#558839396
0"
#558839396
1!
#558910246
1"
#558920182
0!
#558925150
0"
#558925150
1!
#558930118
1"
#558935086
0"
#558940054
1"
#558945022
0"
#558949990
1"
#558954958
0"
#558954958
0!
#558959926
1"
#558964894
0"
#558964894
1!
#558969862
1"
#558974830
0"
#558979798
1"
#558984766
0"
#558984766
0!
#558989734
1"
#558994702
0"
#558994702
1!
#558999670
1"
#559004638
0"
#559004638
0!
#559009606
1"
#559014574
0"
#559014574
1!
#559014574
0!
#559019542
1"
#559024510
0"
#559024510
1!
#559029478
1"
#559034446
0"
#559039414
1"
#559044382
0"
#559044382
0!
#559049350
1"
#559054318
0"
#559054318
1!
#559054318
0!
#559059286
1"
#559064254
0"
#559064254
1!
#559069222
1"
#559074190
0"
#559074190
0!
#559079158
1"
#559084126
0"
#559084126
1!
#559084126
0!
#559089094
1"
#559094062
0"
#559094062
1!
#559094062
0!
#559099030
1"
#559103998
0"
#559108966
1"
#559113934
0"
#559113934
1!
#559118902
1"
#559123870
0"
#559123870
0!
#559128838
1"
#559133806
0"
#559133806
1!
#559133806
0!
#559138774
1"
#559143742
0"
#559143742
1!
#559143742
0!
#559148710
1"
#559153678
0"
#559153678
1!
#559158646
1"
#559163614
0"
#559168582
1"
#559173550
0"
#559173550
0!
#559178518
1"
#559183486
0"
#559183486
1!
#559183486
0!
#559188454
1"
#559193422
0"
#559193422
1!
#559198390
1"
#559203358
0"
#559203358
0!
#559208326
1"
#559213294
0"
#559213294
1!
#559218262
1"
#559223230
0"
#559223230
0!
#559228198
1"
#559233166
0"
#559233166
1!
#559233166
0!
#559238134
1"
#559243102
0"
#559243102
1!
#559243102
0!
#559248070
1"
#559253038
0"
#559253038
1!
#559253038
0!
#559258006
1"
#559262974
0"
#559262974
1!
#559262974
0!
#559267942
1"
#559272910
0"
#559272910
1!
#559272910
0!
#559277878
1"
#559282846
0"
#559287814
1"
#559292782
0"
#559292782
1!
#559297750
1"
#559302718
0"
#559307686
1"
#559312654
0"
#559317622
1"
#559322590
0"
#559327558
1"
#559332526
0"
#559337494
1"
#559342462
0"
#559347430
1"
#559352398
0"
#559352398
0!
#559357366
1"
#559362334
0"
#559362334
1!
#559362334
0!
#559367302
1"
#559372270
0"
#559377238
1"
#559382206
0"
#559382206
1!
#559387174
1"
#559392142
0"
#559397110
1"
#559402078
0"
#559407046
1"
#559412014
0"
#559416982
1"
#559421950
0"
#559421950
0!
#559426918
1"
#559431886
0"
#559431886
1!
#559431886
0!
#559436854
1"
#559441822
0"
#559441822
1!
#559441822
0!
#559446790
1"
#559451758
0"
#559451758
1!
#559451758
0!
#559456726
1"
#559461694
0"
#559466662
1"
#559471630
0"
#559471630
1!
#559471630
0!
#559476598
1"
#559481566
0"
#559481566
1!
#559481566
0!
#559486534
1"
#559491502
0"
#559491502
1!
#559491502
0!
#559496470
1"
#559501438
0"
#559501438
1!
#559501438
0!
#559506406
1"
#559511374
0"
#559511374
1!
#559511374
0!
#559516342
1"
#559521310
0"
#559521310
1!
#559521310
0!
#559526278
1"
#559531246
0"
#559531246
1!
#559531246
0!
#559536214
1"
#559541182
0"
#559541182
1!
#559541182
0!
#559546150
1"
#559551118
0"
#559556086
1"
#559561054
0"
#559561054
1!
#559566022
1"
#559570990
0"
#559575958
1"
#559580926
0"
#559580926
0!
#559585894
1"
#559590862
0"
#559590862
1!
#559595830
1"
#559600798
0"
#559605766
1"
#559610734
0"
#559610734
0!
#559615702
1"
#559620670
0"
#559620670
1!
#559620670
0!
#559625638
1"
#559630606
0"
#559630606
1!
#559630606
0!
#559635574
1"
#559640542
0"
#559681779
1!
#559686747
1"
#559691715
0"
#559691715
0!
#559696683
1"
#559701651
0"
#559701651
1!
#559701651
0!
#559706619
1"
#559711587
0"
#559711587
1!
#559716555
1"
#559721523
0"
#559721523
0!
#559726491
1"
#559731459
0"
#559731459
1!
#559736427
1"
#559741395
0"
#559741395
0!
#559746363
1"
#559751331
0"
#559751331
1!
#559751331
0!
#559756299
1"
#559761267
0"
#559761267
1!
#559766235
1"
#559771203
0"
#559813735
0!
#559818703
1"
#559823671
1!
#1559288068
0!
#1559293036
0"
#1559293036
1!
#1559298004
1"
#1559302972
0"
#1559307940
1"
#1559312908
0"
#1559317876
1"
#1559322844
0"
#1559322844
0!
#1559327812
1"
#1559332780
0"
#1559332780
1!
#1559337748
1"
#1559342716
0"
#1559347684
1"
#1559352652
0"
#1559352652
0!
#1559357620
1"
#1559362588
0"
#1559367556
1"
#1559372524
0"
#1559377492
1"
#1559382460
0"
#1559382460
1!
#1559387428
1"
#1559392396
0"
#1559397364
1"
#1559402332
0"
#1559407300
1"
#1559412268
0"
#1559417236
1"
#1559422204
0"
#1559422204
0!
#1559427172
1"
#1559432140
0"
#1559432140
1!
#1559437108
1"
#1559442076
0"
#1559442076
0!
#1559447044
1"
#1559452012
0"
#1559456980
1"
#1559461948
0"
#1559466916
1"
#1559471884
0"
#1559471884
1!
#1559542934
1"
#1559552870
0!
#1559557838
0"
#1559557838
1!
#1559562806
1"
#1559567774
0"
#1559572742
1"
#1559577710
0"
#1559582678
1"
#1559587646
0"
#1559587646
0!
#1559592614
1"
#1559597582
0"
#1559597582
1!
#1559602550
1"
#1559607518
0"
#1559612486
1"
#1559617454
0"
#1559617454
0!
#1559622422
1"
#1559627390
0"
#1559627390
1!
#1559632358
1"
#1559637326
0"
#1559637326
0!
#1559642294
1"
#1559647262
0"
#1559647262
1!
#1559647262
0!
#1559652230
1"
#1559657198
0"
#1559657198
1!
#1559657198
0!
#1559662166
1"
#1559667134
0"
#1559667134
1!
#1559672102
1"
#1559677070
0"
#1559677070
0!
#1559682038
1"
#1559687006
0"
#1559687006
1!
#1559687006
0!
#1559691974
1"
#1559696942
0"
#1559696942
1!
#1559701910
1"
#1559706878
0"
#1559706878
0!
#1559711846
1"
#1559716814
0"
#1559716814
1!
#1559716814
0!
#1559721782
1"
#1559726750
0"
#1559726750
1!
#1559726750
0!
#1559731718
1"
#1559736686
0"
#1559777336
1!
#1559782304
1"
#1559787272
0"
#1559787272
0!
#1559792240
1"
#1559797208
0"
#1559797208
1!
#1559797208
0!
#1559802176
1"
#1559807144
0"
#1559807144
1!
#1559807144
0!
#1559812112
1"
#1559817080
0"
#1559817080
1!
#1559817080
0!
#1559822048
1"
#1559827016
0"
#1559827016
1!
#1559827016
0!
#1559831984
1"
#1559836952
0"
#1559836952
1!
#1559836952
0!
#1559841920
1"
#1559846888
0"
#1559846888
1!
#1559846888
0!
#1559851856
1"
#1559856824
0"
#1559856824
1!
#1559861792
1"
#1559866760
0"
#1559909291
0!
#1559914259
1"
#1559919227
1!
#1560065260
0!
#1560070228
0"
#1560070228
1!
#1560075196
1"
#1560080164
0"
#1560085132
1"
#1560090100
0"
#1560095068
1"
#1560100036
0"
#1560100036
0!
#1560105004
1"
#1560109972
0"
#1560109972
1!
#1560114940
1"
#1560119908
0"
#1560124876
1"
#1560129844
0"
#1560129844
0!
#1560134812
1"
#1560139780
0"
#1560144748
1"
#1560149716
0"
#1560154684
1"
#1560159652
0"
#1560159652
1!
#1560164620
1"
#1560169588
0"
#1560174556
1"
#1560179524
0"
#1560184492
1"
#1560189460
0"
#1560194428
1"
#1560199396
0"
#1560199396
0!
#1560204364
1"
#1560209332
0"
#1560209332
1!
#1560214300
1"
#1560219268
0"
#1560219268
0!
#1560224236
1"
#1560229204
0"
#1560234172
1"
#1560239140
0"
#1560244108
1"
#1560249076
0"
#1560249076
1!
#1560249076
0!
#1560254044
1"
#1560259012
0"
#1560263980
1"
#1560268948
0"
#1560268948
1!
#1560273916
1"
#1560278884
0"
#1560278884
0!
#1560283852
1"
#1560288820
0"
#1560293788
1"
#1560298756
0"
#1560298756
1!
#1560303724
1"
#1560308692
0"
#1560308692
0!
#1560313660
1"
#1560318628
0"
#1560318628
1!
#1560323596
1"
#1560328564
0"
#1560328564
0!
#1560333532
1"
#1560338500
0"
#1560338500
1!
#1560380150
0!
#1560385118
1"
#1560390086
1!
#1560552331
0!
#1560557299
0"
#1560557299
1!
#1560562267
1"
#1560567235
0"
#1560572203
1"
#1560577171
0"
#1560582139
1"
#1560587107
0"
#1560587107
0!
#1560592075
1"
#1560597043
0"
#1560597043
1!
#1560602011
1"
#1560606979
0"
#1560611947
1"
#1560616915
0"
#1560616915
0!
#1560621883
1"
#1560626851
0"
#1560631819
1"
#1560636787
0"
#1560641755
1"
#1560646723
0"
#1560646723
1!
#1560651691
1"
#1560656659
0"
#1560661627
1"
#1560666595
0"
#1560671563
1"
#1560676531
0"
#1560681499
1"
#1560686467
0"
#1560686467
0!
#1560691435
1"
#1560696403
0"
#1560701371
1"
#1560706339
0"
#1560706339
1!
#1560711307
1"
#1560716275
0"
#1560721243
1"
#1560726211
0"
#1560726211
0!
#1560731179
1"
#1560736147
0"
#1560736147
1!
#1560807197
1"
#1560817133
0!
#1560822101
0"
#1560822101
1!
#1560827069
1"
#1560832037
0"
#1560837005
1"
#1560841973
0"
#1560846941
1"
#1560851909
0"
#1560851909
0!
#1560856877
1"
#1560861845
0"
#1560861845
1!
#1560866813
1"
#1560871781
0"
#1560876749
1"
#1560881717
0"
#1560881717
0!
#1560886685
1"
#1560891653
0"
#1560891653
1!
#1560896621
1"
#1560901589
0"
#1560901589
0!
#1560906557
1"
#1560911525
0"
#1560911525
1!
#1560911525
0!
#1560916493
1"
#1560921461
0"
#1560921461
1!
#1560921461
0!
#1560926429
1"
#1560931397
0"
#1560931397
1!
#1560931397
0!
#1560936365
1"
#1560941333
0"
#1560941333
1!
#1560941333
0!
#1560946301
1"
#1560951269
0"
#1560951269
1!
#1560956237
1"
#1560961205
0"
#1560961205
0!
#1560966173
1"
#1560971141
0"
#1560971141
1!
#1560971141
0!
#1560976109
1"
#1560981077
0"
#1560981077
1!
#1560981077
0!
#1560986045
1"
#1560991013
0"
#1560991013
1!
#1560991013
0!
#1560995981
1"
#1561000949
0"
#1561046567
1"
#1561051535
0"
#1561051535
1!
#1561051535
0!
#1561056503
1"
#1561061471
0"
#1561061471
1!
#1561066439
1"
#1561071407
0"
#1561071407
0!
#1561076375
1"
#1561081343
0"
#1561081343
1!
#1561081343
0!
#1561086311
1"
#1561091279
0"
#1561091279
1!
#1561096247
1"
#1561101215
0"
#1561101215
0!
#1561106183
1"
#1561111151
0"
#1561111151
1!
#1561116119
1"
#1561121087
0"
#1561126055
1"
#1561131023
0"
#1561173554
0!
#1561178522
1"
#1561183490
1!
#1561346111
0!
#1561351079
0"
#1561351079
1!
#1561356047
1"
#1561361015
0"
#1561365983
1"
#1561370951
0"
#1561375919
1"
#1561380887
0"
#1561380887
0!
#1561385855
1"
#1561390823
0"
#1561390823
1!
#1561395791
1"
#1561400759
0"
#1561405727
1"
#1561410695
0"
#1561410695
0!
#1561415663
1"
#1561420631
0"
#1561425599
1"
#1561430567
0"
#1561435535
1"
#1561440503
0"
#1561440503
1!
#1561445471
1"
#1561450439
0"
#1561455407
1"
#1561460375
0"
#1561465343
1"
#1561470311
0"
#1561475279
1"
#1561480247
0"
#1561480247
0!
#1561485215
1"
#1561490183
0"
#1561495151
1"
#1561500119
0"
#1561500119
1!
#1561505087
1"
#1561510055
0"
#1561515023
1"
#1561519991
0"
#1561519991
0!
#1561524959
1"
#1561529927
0"
#1561529927
1!
#1561600977
1"
#1561610913
0!
#1561615881
0"
#1561615881
1!
#1561620849
1"
#1561625817
0"
#1561630785
1"
#1561635753
0"
#1561640721
1"
#1561645689
0"
#1561645689
0!
#1561650657
1"
#1561655625
0"
#1561655625
1!
#1561660593
1"
#1561665561
0"
#1561670529
1"
#1561675497
0"
#1561675497
0!
#1561680465
1"
#1561685433
0"
#1561685433
1!
#1561690401
1"
#1561695369
0"
#1561695369
0!
#1561700337
1"
#1561705305
0"
#1561705305
1!
#1561705305
0!
#1561710273
1"
#1561715241
0"
#1561715241
1!
#1561715241
0!
#1561720209
1"
#1561725177
0"
#1561725177
1!
#1561725177
0!
#1561730145
1"
#1561735113
0"
#1561735113
1!
#1561735113
0!
#1561740081
1"
#1561745049
0"
#1561745049
1!
#1561750017
1"
#1561754985
0"
#1561754985
0!
#1561759953
1"
#1561764921
0"
#1561764921
1!
#1561764921
0!
#1561769889
1"
#1561774857
0"
#1561774857
1!
#1561774857
0!
#1561779825
1"
#1561784793
0"
#1561784793
1!
#1561784793
0!
#1561789761
1"
#1561794729
0"
#1561840347
1"
#1561845315
0"
#1561845315
1!
#1561845315
0!
#1561850283
1"
#1561855251
0"
#1561855251
1!
#1561860219
1"
#1561865187
0"
#1561865187
0!
#1561870155
1"
#1561875123
0"
#1561875123
1!
#1561875123
0!
#1561880091
1"
#1561885059
0"
#1561885059
1!
#1561890027
1"
#1561894995
0"
#1561894995
0!
#1561899963
1"
#1561904931
0"
#1561904931
1!
#1561909899
1"
#1561914867
0"
#1561919835
1"
#1561924803
0"
#1561967334
0!
#1561972302
1"
#1561977270
1!
#1562139890
0!
#1562144858
0"
#1562144858
1!
#1562149826
1"
#1562154794
0"
#1562159762
1"
#1562164730
0"
#1562169698
1"
#1562174666
0"
#1562174666
0!
#1562179634
1"
#1562184602
0"
#1562184602
1!
#1562189570
1"
#1562194538
0"
#1562199506
1"
#1562204474
0"
#1562204474
0!
#1562209442
1"
#1562214410
0"
#1562219378
1"
#1562224346
0"
#1562229314
1"
#1562234282
0"
#1562234282
1!
#1562239250
1"
#1562244218
0"
#1562249186
1"
#1562254154
0"
#1562259122
1"
#1562264090
0"
#1562269058
1"
#1562274026
0"
#1562274026
0!
#1562278994
1"
#1562283962
0"
#1562288930
1"
#1562293898
0"
#1562293898
1!
#1562298866
1"
#1562303834
0"
#1562308802
1"
#1562313770
0"
#1562313770
0!
#1562318738
1"
#1562323706
0"
#1562323706
1!
#1562394756
1"
#1562404692
0!
#1562409660
0"
#1562409660
1!
#1562414628
1"
#1562419596
0"
#1562424564
1"
#1562429532
0"
#1562434500
1"
#1562439468
0"
#1562439468
0!
#1562444436
1"
#1562449404
0"
#1562449404
1!
#1562454372
1"
#1562459340
0"
#1562464308
1"
#1562469276
0"
#1562469276
0!
#1562474244
1"
#1562479212
0"
#1562479212
1!
#1562484180
1"
#1562489148
0"
#1562489148
0!
#1562494116
1"
#1562499084
0"
#1562499084
1!
#1562499084
0!
#1562504052
1"
#1562509020
0"
#1562509020
1!
#1562509020
0!
#1562513988
1"
#1562518956
0"
#1562518956
1!
#1562518956
0!
#1562523924
1"
#1562528892
0"
#1562528892
1!
#1562528892
0!
#1562533860
1"
#1562538828
0"
#1562538828
1!
#1562543796
1"
#1562548764
0"
#1562548764
0!
#1562553732
1"
#1562558700
0"
#1562558700
1!
#1562558700
0!
#1562563668
1"
#1562568636
0"
#1562568636
1!
#1562568636
0!
#1562573604
1"
#1562578572
0"
#1562578572
1!
#1562578572
0!
#1562583540
1"
#1562588508
0"
#1562634126
1"
#1562639094
0"
#1562639094
1!
#1562639094
0!
#1562644062
1"
#1562649030
0"
#1562649030
1!
#1562653998
1"
#1562658966
0"
#1562658966
0!
#1562663934
1"
#1562668902
0"
#1562668902
1!
#1562668902
0!
#1562673870
1"
#1562678838
0"
#1562678838
1!
#1562683806
1"
#1562688774
0"
#1562688774
0!
#1562693742
1"
#1562698710
0"
#1562698710
1!
#1562703678
1"
#1562708646
0"
#1562713614
1"
#1562718582
0"
#1562761113
0!
#1562766081
1"
#1562771049
1!
#1562933670
0!
#1562938638
0"
#1562938638
1!
#1562943606
1"
#1562948574
0"
#1562953542
1"
#1562958510
0"
#1562963478
1"
#1562968446
0"
#1562968446
0!
#1562973414
1"
#1562978382
0"
#1562978382
1!
#1562983350
1"
#1562988318
0"
#1562993286
1"
#1562998254
0"
#1562998254
0!
#1563003222
1"
#1563008190
0"
#1563013158
1"
#1563018126
0"
#1563023094
1"
#1563028062
0"
#1563028062
1!
#1563033030
1"
#1563037998
0"
#1563042966
1"
#1563047934
0"
#1563052902
1"
#1563057870
0"
#1563062838
1"
#1563067806
0"
#1563067806
0!
#1563072774
1"
#1563077742
0"
#1563082710
1"
#1563087678
0"
#1563087678
1!
#1563092646
1"
#1563097614
0"
#1563102582
1"
#1563107550
0"
#1563107550
0!
#1563112518
1"
#1563117486
0"
#1563117486
1!
#1563188536
1"
#1563198472
0!
#1563203440
0"
#1563203440
1!
#1563208408
1"
#1563213376
0"
#1563218344
1"
#1563223312
0"
#1563228280
1"
#1563233248
0"
#1563233248
0!
#1563238216
1"
#1563243184
0"
#1563243184
1!
#1563248152
1"
#1563253120
0"
#1563258088
1"
#1563263056
0"
#1563263056
0!
#1563268024
1"
#1563272992
0"
#1563272992
1!
#1563277960
1"
#1563282928
0"
#1563282928
0!
#1563287896
1"
#1563292864
0"
#1563292864
1!
#1563292864
0!
#1563297832
1"
#1563302800
0"
#1563302800
1!
#1563302800
0!
#1563307768
1"
#1563312736
0"
#1563312736
1!
#1563312736
0!
#1563317704
1"
#1563322672
0"
#1563322672
1!
#1563322672
0!
#1563327640
1"
#1563332608
0"
#1563332608
1!
#1563337576
1"
#1563342544
0"
#1563342544
0!
#1563347512
1"
#1563352480
0"
#1563352480
1!
#1563352480
0!
#1563357448
1"
#1563362416
0"
#1563362416
1!
#1563362416
0!
#1563367384
1"
#1563372352
0"
#1563372352
1!
#1563372352
0!
#1563377320
1"
#1563382288
0"
#1563427906
1"
#1563432874
0"
#1563432874
1!
#1563432874
0!
#1563437842
1"
#1563442810
0"
#1563442810
1!
#1563447778
1"
#1563452746
0"
#1563452746
0!
#1563457714
1"
#1563462682
0"
#1563462682
1!
#1563462682
0!
#1563467650
1"
#1563472618
0"
#1563472618
1!
#1563477586
1"
#1563482554
0"
#1563482554
0!
#1563487522
1"
#1563492490
0"
#1563492490
1!
#1563497458
1"
#1563502426
0"
#1563507394
1"
#1563512362
0"
#1563554893
0!
#1563559861
1"
#1563564829
1!
#1563727449
0!
#1563732417
0"
#1563732417
1!
#1563737385
1"
#1563742353
0"
#1563747321
1"
#1563752289
0"
#1563757257
1"
#1563762225
0"
#1563762225
0!
#1563767193
1"
#1563772161
0"
#1563772161
1!
#1563777129
1"
#1563782097
0"
#1563787065
1"
#1563792033
0"
#1563792033
0!
#1563797001
1"
#1563801969
0"
#1563806937
1"
#1563811905
0"
#1563816873
1"
#1563821841
0"
#1563821841
1!
#1563826809
1"
#1563831777
0"
#1563836745
1"
#1563841713
0"
#1563846681
1"
#1563851649
0"
#1563856617
1"
#1563861585
0"
#1563861585
0!
#1563866553
1"
#1563871521
0"
#1563876489
1"
#1563881457
0"
#1563881457
1!
#1563886425
1"
#1563891393
0"
#1563896361
1"
#1563901329
0"
#1563901329
0!
#1563906297
1"
#1563911265
0"
#1563911265
1!
#1563982315
1"
#1563992251
0!
#1563997219
0"
#1563997219
1!
#1564002187
1"
#1564007155
0"
#1564012123
1"
#1564017091
0"
#1564022059
1"
#1564027027
0"
#1564027027
0!
#1564031995
1"
#1564036963
0"
#1564036963
1!
#1564041931
1"
#1564046899
0"
#1564051867
1"
#1564056835
0"
#1564056835
0!
#1564061803
1"
#1564066771
0"
#1564066771
1!
#1564071739
1"
#1564076707
0"
#1564076707
0!
#1564081675
1"
#1564086643
0"
#1564086643
1!
#1564086643
0!
#1564091611
1"
#1564096579
0"
#1564096579
1!
#1564096579
0!
#1564101547
1"
#1564106515
0"
#1564106515
1!
#1564106515
0!
#1564111483
1"
#1564116451
0"
#1564116451
1!
#1564116451
0!
#1564121419
1"
#1564126387
0"
#1564126387
1!
#1564131355
1"
#1564136323
0"
#1564136323
0!
#1564141291
1"
#1564146259
0"
#1564146259
1!
#1564146259
0!
#1564151227
1"
#1564156195
0"
#1564156195
1!
#1564156195
0!
#1564161163
1"
#1564166131
0"
#1564166131
1!
#1564166131
0!
#1564171099
1"
#1564176067
0"
#1564221685
1"
#1564226653
0"
#1564226653
1!
#1564226653
0!
#1564231621
1"
#1564236589
0"
#1564236589
1!
#1564241557
1"
#1564246525
0"
#1564246525
0!
#1564251493
1"
#1564256461
0"
#1564256461
1!
#1564256461
0!
#1564261429
1"
#1564266397
0"
#1564266397
1!
#1564271365
1"
#1564276333
0"
#1564276333
0!
#1564281301
1"
#1564286269
0"
#1564286269
1!
#1564291237
1"
#1564296205
0"
#1564301173
1"
#1564306141
0"
#1564348672
0!
#1564353640
1"
#1564358608
1!
#1564521229
0!
#1564526197
0"
#1564526197
1!
#1564531165
1"
#1564536133
0"
#1564541101
1"
#1564546069
0"
#1564551037
1"
#1564556005
0"
#1564556005
0!
#1564560973
1"
#1564565941
0"
#1564565941
1!
#1564570909
1"
#1564575877
0"
#1564580845
1"
#1564585813
0"
#1564585813
0!
#1564590781
1"
#1564595749
0"
#1564600717
1"
#1564605685
0"
#1564610653
1"
#1564615621
0"
#1564615621
1!
#1564620589
1"
#1564625557
0"
#1564630525
1"
#1564635493
0"
#1564640461
1"
#1564645429
0"
#1564650397
1"
#1564655365
0"
#1564655365
0!
#1564660333
1"
#1564665301
0"
#1564670269
1"
#1564675237
0"
#1564675237
1!
#1564680205
1"
#1564685173
0"
#1564690141
1"
#1564695109
0"
#1564695109
0!
#1564700077
1"
#1564705045
0"
#1564705045
1!
#1564776095
1"
#1564786031
0!
#1564790999
0"
#1564790999
1!
#1564795967
1"
#1564800935
0"
#1564805903
1"
#1564810871
0"
#1564815839
1"
#1564820807
0"
#1564820807
0!
#1564825775
1"
#1564830743
0"
#1564830743
1!
#1564835711
1"
#1564840679
0"
#1564845647
1"
#1564850615
0"
#1564850615
0!
#1564855583
1"
#1564860551
0"
#1564860551
1!
#1564865519
1"
#1564870487
0"
#1564870487
0!
#1564875455
1"
#1564880423
0"
#1564880423
1!
#1564880423
0!
#1564885391
1"
#1564890359
0"
#1564890359
1!
#1564890359
0!
#1564895327
1"
#1564900295
0"
#1564900295
1!
#1564900295
0!
#1564905263
1"
#1564910231
0"
#1564910231
1!
#1564910231
0!
#1564915199
1"
#1564920167
0"
#1564920167
1!
#1564925135
1"
#1564930103
0"
#1564930103
0!
#1564935071
1"
#1564940039
0"
#1564940039
1!
#1564940039
0!
#1564945007
1"
#1564949975
0"
#1564949975
1!
#1564949975
0!
#1564954943
1"
#1564959911
0"
#1564959911
1!
#1564959911
0!
#1564964879
1"
#1564969847
0"
#1565015465
1"
#1565020433
0"
#1565020433
1!
#1565020433
0!
#1565025401
1"
#1565030369
0"
#1565030369
1!
#1565035337
1"
#1565040305
0"
#1565040305
0!
#1565045273
1"
#1565050241
0"
#1565050241
1!
#1565050241
0!
#1565055209
1"
#1565060177
0"
#1565060177
1!
#1565065145
1"
#1565070113
0"
#1565070113
0!
#1565075081
1"
#1565080049
0"
#1565080049
1!
#1565085017
1"
#1565089985
0"
#1565094953
1"
#1565099921
0"
#1565142452
0!
#1565147420
1"
#1565152388
1!
#1565315008
0!
#1565319976
0"
#1565319976
1!
#1565324944
1"
#1565329912
0"
#1565334880
1"
#1565339848
0"
#1565344816
1"
#1565349784
0"
#1565349784
0!
#1565354752
1"
#1565359720
0"
#1565359720
1!
#1565364688
1"
#1565369656
0"
#1565374624
1"
#1565379592
0"
#1565379592
0!
#1565384560
1"
#1565389528
0"
#1565394496
1"
#1565399464
0"
#1565404432
1"
#1565409400
0"
#1565409400
1!
#1565414368
1"
#1565419336
0"
#1565424304
1"
#1565429272
0"
#1565434240
1"
#1565439208
0"
#1565444176
1"
#1565449144
0"
#1565449144
0!
#1565454112
1"
#1565459080
0"
#1565464048
1"
#1565469016
0"
#1565469016
1!
#1565473984
1"
#1565478952
0"
#1565483920
1"
#1565488888
0"
#1565488888
0!
#1565493856
1"
#1565498824
0"
#1565498824
1!
#1565569874
1"
#1565579810
0!
#1565584778
0"
#1565584778
1!
#1565589746
1"
#1565594714
0"
#1565599682
1"
#1565604650
0"
#1565609618
1"
#1565614586
0"
#1565614586
0!
#1565619554
1"
#1565624522
0"
#1565624522
1!
#1565629490
1"
#1565634458
0"
#1565639426
1"
#1565644394
0"
#1565644394
0!
#1565649362
1"
#1565654330
0"
#1565654330
1!
#1565659298
1"
#1565664266
0"
#1565664266
0!
#1565669234
1"
#1565674202
0"
#1565674202
1!
#1565674202
0!
#1565679170
1"
#1565684138
0"
#1565684138
1!
#1565684138
0!
#1565689106
1"
#1565694074
0"
#1565694074
1!
#1565694074
0!
#1565699042
1"
#1565704010
0"
#1565704010
1!
#1565704010
0!
#1565708978
1"
#1565713946
0"
#1565713946
1!
#1565718914
1"
#1565723882
0"
#1565723882
0!
#1565728850
1"
#1565733818
0"
#1565733818
1!
#1565733818
0!
#1565738786
1"
#1565743754
0"
#1565743754
1!
#1565743754
0!
#1565748722
1"
#1565753690
0"
#1565753690
1!
#1565753690
0!
#1565758658
1"
#1565763626
0"
#1565809244
1"
#1565814212
0"
#1565814212
1!
#1565814212
0!
#1565819180
1"
#1565824148
0"
#1565824148
1!
#1565829116
1"
#1565834084
0"
#1565834084
0!
#1565839052
1"
#1565844020
0"
#1565844020
1!
#1565844020
0!
#1565848988
1"
#1565853956
0"
#1565853956
1!
#1565858924
1"
#1565863892
0"
#1565863892
0!
#1565868860
1"
#1565873828
0"
#1565873828
1!
#1565878796
1"
#1565883764
0"
#1565888732
1"
#1565893700
0"
#1565936231
0!
#1565941199
1"
#1565946167
1!
#1566108788
0!
#1566113756
0"
#1566113756
1!
#1566118724
1"
#1566123692
0"
#1566128660
1"
#1566133628
0"
#1566138596
1"
#1566143564
0"
#1566143564
0!
#1566148532
1"
#1566153500
0"
#1566153500
1!
#1566158468
1"
#1566163436
0"
#1566168404
1"
#1566173372
0"
#1566173372
0!
#1566178340
1"
#1566183308
0"
#1566188276
1"
#1566193244
0"
#1566198212
1"
#1566203180
0"
#1566203180
1!
#1566208148
1"
#1566213116
0"
#1566218084
1"
#1566223052
0"
#1566228020
1"
#1566232988
0"
#1566237956
1"
#1566242924
0"
#1566242924
0!
#1566247892
1"
#1566252860
0"
#1566257828
1"
#1566262796
0"
#1566262796
1!
#1566267764
1"
#1566272732
0"
#1566277700
1"
#1566282668
0"
#1566282668
0!
#1566287636
1"
#1566292604
0"
#1566292604
1!
#1566363654
1"
#1566373590
0!
#1566378558
0"
#1566378558
1!
#1566383526
1"
#1566388494
0"
#1566393462
1"
#1566398430
0"
#1566403398
1"
#1566408366
0"
#1566408366
0!
#1566413334
1"
#1566418302
0"
#1566418302
1!
#1566423270
1"
#1566428238
0"
#1566433206
1"
#1566438174
0"
#1566438174
0!
#1566443142
1"
#1566448110
0"
#1566448110
1!
#1566453078
1"
#1566458046
0"
#1566458046
0!
#1566463014
1"
#1566467982
0"
#1566467982
1!
#1566467982
0!
#1566472950
1"
#1566477918
0"
#1566477918
1!
#1566477918
0!
#1566482886
1"
#1566487854
0"
#1566487854
1!
#1566487854
0!
#1566492822
1"
#1566497790
0"
#1566497790
1!
#1566497790
0!
#1566502758
1"
#1566507726
0"
#1566507726
1!
#1566512694
1"
#1566517662
0"
#1566517662
0!
#1566522630
1"
#1566527598
0"
#1566527598
1!
#1566527598
0!
#1566532566
1"
#1566537534
0"
#1566537534
1!
#1566537534
0!
#1566542502
1"
#1566547470
0"
#1566547470
1!
#1566547470
0!
#1566552438
1"
#1566557406
0"
#1566603024
1"
#1566607992
0"
#1566607992
1!
#1566607992
0!
#1566612960
1"
#1566617928
0"
#1566617928
1!
#1566622896
1"
#1566627864
0"
#1566627864
0!
#1566632832
1"
#1566637800
0"
#1566637800
1!
#1566637800
0!
#1566642768
1"
#1566647736
0"
#1566647736
1!
#1566652704
1"
#1566657672
0"
#1566657672
0!
#1566662640
1"
#1566667608
0"
#1566667608
1!
#1566672576
1"
#1566677544
0"
#1566682512
1"
#1566687480
0"
#1566730011
0!
#1566734979
1"
#1566739947
1!
#1566902567
0!
#1566907535
0"
#1566907535
1!
#1566912503
1"
#1566917471
0"
#1566922439
1"
#1566927407
0"
#1566932375
1"
#1566937343
0"
#1566937343
0!
#1566942311
1"
#1566947279
0"
#1566947279
1!
#1566952247
1"
#1566957215
0"
#1566962183
1"
#1566967151
0"
#1566967151
0!
#1566972119
1"
#1566977087
0"
#1566982055
1"
#1566987023
0"
#1566991991
1"
#1566996959
0"
#1566996959
1!
#1567001927
1"
#1567006895
0"
#1567011863
1"
#1567016831
0"
#1567021799
1"
#1567026767
0"
#1567031735
1"
#1567036703
0"
#1567036703
0!
#1567041671
1"
#1567046639
0"
#1567051607
1"
#1567056575
0"
#1567056575
1!
#1567061543
1"
#1567066511
0"
#1567071479
1"
#1567076447
0"
#1567076447
0!
#1567081415
1"
#1567086383
0"
#1567086383
1!
#1567157433
1"
#1567167369
0!
#1567172337
0"
#1567172337
1!
#1567177305
1"
#1567182273
0"
#1567187241
1"
#1567192209
0"
#1567197177
1"
#1567202145
0"
#1567202145
0!
#1567207113
1"
#1567212081
0"
#1567212081
1!
#1567217049
1"
#1567222017
0"
#1567226985
1"
#1567231953
0"
#1567231953
0!
#1567236921
1"
#1567241889
0"
#1567241889
1!
#1567246857
1"
#1567251825
0"
#1567251825
0!
#1567256793
1"
#1567261761
0"
#1567261761
1!
#1567261761
0!
#1567266729
1"
#1567271697
0"
#1567271697
1!
#1567271697
0!
#1567276665
1"
#1567281633
0"
#1567281633
1!
#1567281633
0!
#1567286601
1"
#1567291569
0"
#1567291569
1!
#1567291569
0!
#1567296537
1"
#1567301505
0"
#1567301505
1!
#1567306473
1"
#1567311441
0"
#1567311441
0!
#1567316409
1"
#1567321377
0"
#1567321377
1!
#1567321377
0!
#1567326345
1"
#1567331313
0"
#1567331313
1!
#1567331313
0!
#1567336281
1"
#1567341249
0"
#1567341249
1!
#1567341249
0!
#1567346217
1"
#1567351185
0"
#1567396803
1"
#1567401771
0"
#1567401771
1!
#1567401771
0!
#1567406739
1"
#1567411707
0"
#1567411707
1!
#1567416675
1"
#1567421643
0"
#1567421643
0!
#1567426611
1"
#1567431579
0"
#1567431579
1!
#1567431579
0!
#1567436547
1"
#1567441515
0"
#1567441515
1!
#1567446483
1"
#1567451451
0"
#1567451451
0!
#1567456419
1"
#1567461387
0"
#1567461387
1!
#1567466355
1"
#1567471323
0"
#1567476291
1"
#1567481259
0"
#1567523790
0!
#1567528758
1"
#1567533726
1!
#1567696347
0!
#1567701315
0"
#1567701315
1!
#1567706283
1"
#1567711251
0"
#1567716219
1"
#1567721187
0"
#1567726155
1"
#1567731123
0"
#1567731123
0!
#1567736091
1"
#1567741059
0"
#1567741059
1!
#1567746027
1"
#1567750995
0"
#1567755963
1"
#1567760931
0"
#1567760931
0!
#1567765899
1"
#1567770867
0"
#1567775835
1"
#1567780803
0"
#1567785771
1"
#1567790739
0"
#1567790739
1!
#1567795707
1"
#1567800675
0"
#1567805643
1"
#1567810611
0"
#1567815579
1"
#1567820547
0"
#1567825515
1"
#1567830483
0"
#1567830483
0!
#1567835451
1"
#1567840419
0"
#1567845387
1"
#1567850355
0"
#1567850355
1!
#1567855323
1"
#1567860291
0"
#1567865259
1"
#1567870227
0"
#1567870227
0!
#1567875195
1"
#1567880163
0"
#1567880163
1!
#1567951213
1"
#1567961149
0!
#1567966117
0"
#1567966117
1!
#1567971085
1"
#1567976053
0"
#1567981021
1"
#1567985989
0"
#1567990957
1"
#1567995925
0"
#1567995925
0!
#1568000893
1"
#1568005861
0"
#1568005861
1!
#1568010829
1"
#1568015797
0"
#1568020765
1"
#1568025733
0"
#1568025733
0!
#1568030701
1"
#1568035669
0"
#1568035669
1!
#1568040637
1"
#1568045605
0"
#1568045605
0!
#1568050573
1"
#1568055541
0"
#1568055541
1!
#1568055541
0!
#1568060509
1"
#1568065477
0"
#1568065477
1!
#1568065477
0!
#1568070445
1"
#1568075413
0"
#1568075413
1!
#1568075413
0!
#1568080381
1"
#1568085349
0"
#1568085349
1!
#1568085349
0!
#1568090317
1"
#1568095285
0"
#1568095285
1!
#1568100253
1"
#1568105221
0"
#1568105221
0!
#1568110189
1"
#1568115157
0"
#1568115157
1!
#1568115157
0!
#1568120125
1"
#1568125093
0"
#1568125093
1!
#1568125093
0!
#1568130061
1"
#1568135029
0"
#1568135029
1!
#1568135029
0!
#1568139997
1"
#1568144965
0"
#1568190583
1"
#1568195551
0"
#1568195551
1!
#1568195551
0!
#1568200519
1"
#1568205487
0"
#1568205487
1!
#1568210455
1"
#1568215423
0"
#1568215423
0!
#1568220391
1"
#1568225359
0"
#1568225359
1!
#1568225359
0!
#1568230327
1"
#1568235295
0"
#1568235295
1!
#1568240263
1"
#1568245231
0"
#1568245231
0!
#1568250199
1"
#1568255167
0"
#1568255167
1!
#1568260135
1"
#1568265103
0"
#1568270071
1"
#1568275039
0"
#1568317570
0!
#1568322538
1"
#1568327506
1!
#1568490126
0!
#1568495094
0"
#1568495094
1!
#1568500062
1"
#1568505030
0"
#1568509998
1"
#1568514966
0"
#1568519934
1"
#1568524902
0"
#1568524902
0!
#1568529870
1"
#1568534838
0"
#1568534838
1!
#1568539806
1"
#1568544774
0"
#1568549742
1"
#1568554710
0"
#1568554710
0!
#1568559678
1"
#1568564646
0"
#1568569614
1"
#1568574582
0"
#1568579550
1"
#1568584518
0"
#1568584518
1!
#1568589486
1"
#1568594454
0"
#1568599422
1"
#1568604390
0"
#1568609358
1"
#1568614326
0"
#1568619294
1"
#1568624262
0"
#1568624262
0!
#1568629230
1"
#1568634198
0"
#1568639166
1"
#1568644134
0"
#1568644134
1!
#1568649102
1"
#1568654070
0"
#1568659038
1"
#1568664006
0"
#1568664006
0!
#1568668974
1"
#1568673942
0"
#1568673942
1!
#1568744992
1"
#1568754928
0!
#1568759896
0"
#1568759896
1!
#1568764864
1"
#1568769832
0"
#1568774800
1"
#1568779768
0"
#1568784736
1"
#1568789704
0"
#1568789704
0!
#1568794672
1"
#1568799640
0"
#1568799640
1!
#1568804608
1"
#1568809576
0"
#1568814544
1"
#1568819512
0"
#1568819512
0!
#1568824480
1"
#1568829448
0"
#1568829448
1!
#1568834416
1"
#1568839384
0"
#1568839384
0!
#1568844352
1"
#1568849320
0"
#1568849320
1!
#1568849320
0!
#1568854288
1"
#1568859256
0"
#1568859256
1!
#1568859256
0!
#1568864224
1"
#1568869192
0"
#1568869192
1!
#1568869192
0!
#1568874160
1"
#1568879128
0"
#1568879128
1!
#1568879128
0!
#1568884096
1"
#1568889064
0"
#1568889064
1!
#1568889064
0!
#1568894032
1"
#1568899000
0"
#1568899000
1!
#1568899000
0!
#1568903968
1"
#1568908936
0"
#1568908936
1!
#1568908936
0!
#1568913904
1"
#1568918872
0"
#1568918872
1!
#1568918872
0!
#1568923840
1"
#1568928808
0"
#1568928808
1!
#1568928808
0!
#1568933776
1"
#1568938744
0"
#1568984362
1"
#1568989330
0"
#1568989330
1!
#1568989330
0!
#1568994298
1"
#1568999266
0"
#1568999266
1!
#1569004234
1"
#1569009202
0"
#1569009202
0!
#1569014170
1"
#1569019138
0"
#1569019138
1!
#1569019138
0!
#1569024106
1"
#1569029074
0"
#1569029074
1!
#1569034042
1"
#1569039010
0"
#1569039010
0!
#1569043978
1"
#1569048946
0"
#1569048946
1!
#1569048946
0!
#1569053914
1"
#1569058882
0"
#1569058882
1!
#1569063850
1"
#1569068818
0"
#1569111349
0!
#1569116317
1"
#1569121285
1!
#1569275412
0!
#1569280380
0"
#1569280380
1!
#1569285348
1"
#1569290316
0"
#1569295284
1"
#1569300252
0"
#1569305220
1"
#1569310188
0"
#1569310188
0!
#1569315156
1"
#1569320124
0"
#1569320124
1!
#1569325092
1"
#1569330060
0"
#1569335028
1"
#1569339996
0"
#1569339996
0!
#1569344964
1"
#1569349932
0"
#1569354900
1"
#1569359868
0"
#1569364836
1"
#1569369804
0"
#1569369804
1!
#1569374772
1"
#1569379740
0"
#1569384708
1"
#1569389676
0"
#1569394644
1"
#1569399612
0"
#1569404580
1"
#1569409548
0"
#1569409548
0!
#1569414516
1"
#1569419484
0"
#1569419484
1!
#1569424452
1"
#1569429420
0"
#1569434388
1"
#1569439356
0"
#1569444324
1"
#1569449292
0"
#1569449292
0!
#1569454260
1"
#1569459228
0"
#1569459228
1!
#1569530078
1"
#1569540014
0!
#1569544982
0"
#1569544982
1!
#1569549950
1"
#1569554918
0"
#1569559886
1"
#1569564854
0"
#1569569822
1"
#1569574790
0"
#1569574790
0!
#1569579758
1"
#1569584726
0"
#1569584726
1!
#1569589694
1"
#1569594662
0"
#1569599630
1"
#1569604598
0"
#1569604598
0!
#1569609566
1"
#1569614534
0"
#1569614534
1!
#1569619502
1"
#1569624470
0"
#1569624470
0!
#1569629438
1"
#1569634406
0"
#1569634406
1!
#1569634406
0!
#1569639374
1"
#1569644342
0"
#1569644342
1!
#1569649310
1"
#1569654278
0"
#1569659246
1"
#1569664214
0"
#1569664214
0!
#1569669182
1"
#1569674150
0"
#1569674150
1!
#1569674150
0!
#1569679118
1"
#1569684086
0"
#1569684086
1!
#1569689054
1"
#1569694022
0"
#1569694022
0!
#1569698990
1"
#1569703958
0"
#1569703958
1!
#1569703958
0!
#1569708926
1"
#1569713894
0"
#1569713894
1!
#1569713894
0!
#1569718862
1"
#1569723830
0"
#1569728798
1"
#1569733766
0"
#1569733766
1!
#1569738734
1"
#1569743702
0"
#1569743702
0!
#1569748670
1"
#1569753638
0"
#1569753638
1!
#1569753638
0!
#1569758606
1"
#1569763574
0"
#1569763574
1!
#1569763574
0!
#1569768542
1"
#1569773510
0"
#1569773510
1!
#1569778478
1"
#1569783446
0"
#1569788414
1"
#1569793382
0"
#1569793382
0!
#1569798350
1"
#1569803318
0"
#1569803318
1!
#1569803318
0!
#1569808286
1"
#1569813254
0"
#1569813254
1!
#1569818222
1"
#1569823190
0"
#1569823190
0!
#1569828158
1"
#1569833126
0"
#1569833126
1!
#1569838094
1"
#1569843062
0"
#1569843062
0!
#1569848030
1"
#1569852998
0"
#1569852998
1!
#1569852998
0!
#1569857966
1"
#1569862934
0"
#1569862934
1!
#1569862934
0!
#1569867902
1"
#1569872870
0"
#1569872870
1!
#1569872870
0!
#1569877838
1"
#1569882806
0"
#1569882806
1!
#1569882806
0!
#1569887774
1"
#1569892742
0"
#1569892742
1!
#1569892742
0!
#1569897710
1"
#1569902678
0"
#1569907646
1"
#1569912614
0"
#1569912614
1!
#1569917582
1"
#1569922550
0"
#1569927518
1"
#1569932486
0"
#1569937454
1"
#1569942422
0"
#1569947390
1"
#1569952358
0"
#1569957326
1"
#1569962294
0"
#1569967262
1"
#1569972230
0"
#1569972230
0!
#1569977198
1"
#1569982166
0"
#1569982166
1!
#1569982166
0!
#1569987134
1"
#1569992102
0"
#1569997070
1"
#1570002038
0"
#1570002038
1!
#1570007006
1"
#1570011974
0"
#1570016942
1"
#1570021910
0"
#1570026878
1"
#1570031846
0"
#1570036814
1"
#1570041782
0"
#1570041782
0!
#1570046750
1"
#1570051718
0"
#1570051718
1!
#1570051718
0!
#1570056686
1"
#1570061654
0"
#1570061654
1!
#1570061654
0!
#1570066622
1"
#1570071590
0"
#1570071590
1!
#1570071590
0!
#1570076558
1"
#1570081526
0"
#1570086494
1"
#1570091462
0"
#1570091462
1!
#1570091462
0!
#1570096430
1"
#1570101398
0"
#1570101398
1!
#1570101398
0!
#1570106366
1"
#1570111334
0"
#1570111334
1!
#1570111334
0!
#1570116302
1"
#1570121270
0"
#1570121270
1!
#1570121270
0!
#1570126238
1"
#1570131206
0"
#1570131206
1!
#1570131206
0!
#1570136174
1"
#1570141142
0"
#1570141142
1!
#1570141142
0!
#1570146110
1"
#1570151078
0"
#1570151078
1!
#1570151078
0!
#1570156046
1"
#1570161014
0"
#1570161014
1!
#1570161014
0!
#1570165982
1"
#1570170950
0"
#1570175918
1"
#1570180886
0"
#1570180886
1!
#1570185854
1"
#1570190822
0"
#1570195790
1"
#1570200758
0"
#1570200758
0!
#1570205726
1"
#1570210694
0"
#1570210694
1!
#1570215662
1"
#1570220630
0"
#1570225598
1"
#1570230566
0"
#1570230566
0!
#1570235534
1"
#1570240502
0"
#1570240502
1!
#1570240502
0!
#1570245470
1"
#1570250438
0"
#1570250438
1!
#1570250438
0!
#1570255406
1"
#1570260374
0"
#1570301611
1!
#1570306579
1"
#1570311547
0"
#1570311547
0!
#1570316515
1"
#1570321483
0"
#1570321483
1!
#1570321483
0!
#1570326451
1"
#1570331419
0"
#1570331419
1!
#1570336387
1"
#1570341355
0"
#1570341355
0!
#1570346323
1"
#1570351291
0"
#1570351291
1!
#1570356259
1"
#1570361227
0"
#1570361227
0!
#1570366195
1"
#1570371163
0"
#1570371163
1!
#1570371163
0!
#1570376131
1"
#1570381099
0"
#1570381099
1!
#1570386067
1"
#1570391035
0"
#1570433567
0!
#1570438535
1"
#1570443503
1!
#2569288068
0!
#2569293036
0"
#2569293036
1!
#2569298004
1"
#2569302972
0"
#2569307940
1"
#2569312908
0"
#2569317876
1"
#2569322844
0"
#2569322844
0!
#2569327812
1"
#2569332780
0"
#2569332780
1!
#2569337748
1"
#2569342716
0"
#2569347684
1"
#2569352652
0"
#2569352652
0!
#2569357620
1"
#2569362588
0"
#2569367556
1"
#2569372524
0"
#2569377492
1"
#2569382460
0"
#2569382460
1!
#2569387428
1"
#2569392396
0"
#2569397364
1"
#2569402332
0"
#2569407300
1"
#2569412268
0"
#2569417236
1"
#2569422204
0"
#2569422204
0!
#2569427172
1"
#2569432140
0"
#2569432140
1!
#2569437108
1"
#2569442076
0"
#2569442076
0!
#2569447044
1"
#2569452012
0"
#2569456980
1"
#2569461948
0"
#2569466916
1"
#2569471884
0"
#2569471884
1!
#2569542934
1"
#2569552870
0!
#2569557838
0"
#2569557838
1!
#2569562806
1"
#2569567774
0"
#2569572742
1"
#2569577710
0"
#2569582678
1"
#2569587646
0"
#2569587646
0!
#2569592614
1"
#2569597582
0"
#2569597582
1!
#2569602550
1"
#2569607518
0"
#2569612486
1"
#2569617454
0"
#2569617454
0!
#2569622422
1"
#2569627390
0"
#2569627390
1!
#2569632358
1"
#2569637326
0"
#2569637326
0!
#2569642294
1"
#2569647262
0"
#2569647262
1!
#2569647262
0!
#2569652230
1"
#2569657198
0"
#2569657198
1!
#2569657198
0!
#2569662166
1"
#2569667134
0"
#2569667134
1!
#2569672102
1"
#2569677070
0"
#2569677070
0!
#2569682038
1"
#2569687006
0"
#2569687006
1!
#2569687006
0!
#2569691974
1"
#2569696942
0"
#2569696942
1!
#2569701910
1"
#2569706878
0"
#2569706878
0!
#2569711846
1"
#2569716814
0"
#2569716814
1!
#2569716814
0!
#2569721782
1"
#2569726750
0"
#2569726750
1!
#2569726750
0!
#2569731718
1"
#2569736686
0"
#2569777336
1!
#2569782304
1"
#2569787272
0"
#2569787272
0!
#2569792240
1"
#2569797208
0"
#2569797208
1!
#2569797208
0!
#2569802176
1"
#2569807144
0"
#2569807144
1!
#2569807144
0!
#2569812112
1"
#2569817080
0"
#2569817080
1!
#2569817080
0!
#2569822048
1"
#2569827016
0"
#2569827016
1!
#2569827016
0!
#2569831984
1"
#2569836952
0"
#2569836952
1!
#2569836952
0!
#2569841920
1"
#2569846888
0"
#2569846888
1!
#2569846888
0!
#2569851856
1"
#2569856824
0"
#2569856824
1!
#2569861792
1"
#2569866760
0"
#2569909291
0!
#2569914259
1"
#2569919227
1!
#2570065260
0!
#2570070228
0"
#2570070228
1!
#2570075196
1"
#2570080164
0"
#2570085132
1"
#2570090100
0"
#2570095068
1"
#2570100036
0"
#2570100036
0!
#2570105004
1"
#2570109972
0"
#2570109972
1!
#2570114940
1"
#2570119908
0"
#2570124876
1"
#2570129844
0"
#2570129844
0!
#2570134812
1"
#2570139780
0"
#2570144748
1"
#2570149716
0"
#2570154684
1"
#2570159652
0"
#2570159652
1!
#2570164620
1"
#2570169588
0"
#2570174556
1"
#2570179524
0"
#2570184492
1"
#2570189460
0"
#2570194428
1"
#2570199396
0"
#2570199396
0!
#2570204364
1"
#2570209332
0"
#2570209332
1!
#2570214300
1"
#2570219268
0"
#2570219268
0!
#2570224236
1"
#2570229204
0"
#2570234172
1"
#2570239140
0"
#2570244108
1"
#2570249076
0"
#2570249076
1!
#2570249076
0!
#2570254044
1"
#2570259012
0"
#2570263980
1"
#2570268948
0"
#2570268948
1!
#2570273916
1"
#2570278884
0"
#2570278884
0!
#2570283852
1"
#2570288820
0"
#2570293788
1"
#2570298756
0"
#2570298756
1!
#2570303724
1"
#2570308692
0"
#2570308692
0!
#2570313660
1"
#2570318628
0"
#2570318628
1!
#2570323596
1"
#2570328564
0"
#2570328564
0!
#2570333532
1"
#2570338500
0"
#2570338500
1!
#2570380150
0!
#2570385118
1"
#2570390086
1!
#2570552331
0!
#2570557299
0"
#2570557299
1!
#2570562267
1"
#2570567235
0"
#2570572203
1"
#2570577171
0"
#2570582139
1"
#2570587107
0"
#2570587107
0!
#2570592075
1"
#2570597043
0"
#2570597043
1!
#2570602011
1"
#2570606979
0"
#2570611947
1"
#2570616915
0"
#2570616915
0!
#2570621883
1"
#2570626851
0"
#2570631819
1"
#2570636787
0"
#2570641755
1"
#2570646723
0"
#2570646723
1!
#2570651691
1"
#2570656659
0"
#2570661627
1"
#2570666595
0"
#2570671563
1"
#2570676531
0"
#2570681499
1"
#2570686467
0"
#2570686467
0!
#2570691435
1"
#2570696403
0"
#2570701371
1"
#2570706339
0"
#2570706339
1!
#2570711307
1"
#2570716275
0"
#2570721243
1"
#2570726211
0"
#2570726211
0!
#2570731179
1"
#2570736147
0"
#2570736147
1!
#2570807197
1"
#2570817133
0!
#2570822101
0"
#2570822101
1!
#2570827069
1"
#2570832037
0"
#2570837005
1"
#2570841973
0"
#2570846941
1"
#2570851909
0"
#2570851909
0!
#2570856877
1"
#2570861845
0"
#2570861845
1!
#2570866813
1"
#2570871781
0"
#2570876749
1"
#2570881717
0"
#2570881717
0!
#2570886685
1"
#2570891653
0"
#2570891653
1!
#2570896621
1"
#2570901589
0"
#2570901589
0!
#2570906557
1"
#2570911525
0"
#2570911525
1!
#2570911525
0!
#2570916493
1"
#2570921461
0"
#2570921461
1!
#2570921461
0!
#2570926429
1"
#2570931397
0"
#2570931397
1!
#2570931397
0!
#2570936365
1"
#2570941333
0"
#2570941333
1!
#2570941333
0!
#2570946301
1"
#2570951269
0"
#2570951269
1!
#2570956237
1"
#2570961205
0"
#2570961205
0!
#2570966173
1"
#2570971141
0"
#2570971141
1!
#2570971141
0!
#2570976109
1"
#2570981077
0"
#2570981077
1!
#2570981077
0!
#2570986045
1"
#2570991013
0"
#2570991013
1!
#2570991013
0!
#2570995981
1"
#2571000949
0"
#2571046567
1"
#2571051535
0"
#2571051535
1!
#2571051535
0!
#2571056503
1"
#2571061471
0"
#2571061471
1!
#2571066439
1"
#2571071407
0"
#2571071407
0!
#2571076375
1"
#2571081343
0"
#2571081343
1!
#2571081343
0!
#2571086311
1"
#2571091279
0"
#2571091279
1!
#2571096247
1"
#2571101215
0"
#2571101215
0!
#2571106183
1"
#2571111151
0"
#2571111151
1!
#2571116119
1"
#2571121087
0"
#2571126055
1"
#2571131023
0"
#2571173555
0!
#2571178523
1"
#2571183491
1!
#2571346111
0!
#2571351079
0"
#2571351079
1!
#2571356047
1"
#2571361015
0"
#2571365983
1"
#2571370951
0"
#2571375919
1"
#2571380887
0"
#2571380887
0!
#2571385855
1"
#2571390823
0"
#2571390823
1!
#2571395791
1"
#2571400759
0"
#2571405727
1"
#2571410695
0"
#2571410695
0!
#2571415663
1"
#2571420631
0"
#2571425599
1"
#2571430567
0"
#2571435535
1"
#2571440503
0"
#2571440503
1!
#2571445471
1"
#2571450439
0"
#2571455407
1"
#2571460375
0"
#2571465343
1"
#2571470311
0"
#2571475279
1"
#2571480247
0"
#2571480247
0!
#2571485215
1"
#2571490183
0"
#2571495151
1"
#2571500119
0"
#2571500119
1!
#2571505087
1"
#2571510055
0"
#2571515023
1"
#2571519991
0"
#2571519991
0!
#2571524959
1"
#2571529927
0"
#2571529927
1!
#2571600977
1"
#2571610913
0!
#2571615881
0"
#2571615881
1!
#2571620849
1"
#2571625817
0"
#2571630785
1"
#2571635753
0"
#2571640721
1"
#2571645689
0"
#2571645689
0!
#2571650657
1"
#2571655625
0"
#2571655625
1!
#2571660593
1"
#2571665561
0"
#2571670529
1"
#2571675497
0"
#2571675497
0!
#2571680465
1"
#2571685433
0"
#2571685433
1!
#2571690401
1"
#2571695369
0"
#2571695369
0!
#2571700337
1"
#2571705305
0"
#2571705305
1!
#2571705305
0!
#2571710273
1"
#2571715241
0"
#2571715241
1!
#2571715241
0!
#2571720209
1"
#2571725177
0"
#2571725177
1!
#2571725177
0!
#2571730145
1"
#2571735113
0"
#2571735113
1!
#2571735113
0!
#2571740081
1"
#2571745049
0"
#2571745049
1!
#2571750017
1"
#2571754985
0"
#2571754985
0!
#2571759953
1"
#2571764921
0"
#2571764921
1!
#2571764921
0!
#2571769889
1"
#2571774857
0"
#2571774857
1!
#2571774857
0!
#2571779825
1"
#2571784793
0"
#2571784793
1!
#2571784793
0!
#2571789761
1"
#2571794729
0"
#2571840347
1"
#2571845315
0"
#2571845315
1!
#2571845315
0!
#2571850283
1"
#2571855251
0"
#2571855251
1!
#2571860219
1"
#2571865187
0"
#2571865187
0!
#2571870155
1"
#2571875123
0"
#2571875123
1!
#2571875123
0!
#2571880091
1"
#2571885059
0"
#2571885059
1!
#2571890027
1"
#2571894995
0"
#2571894995
0!
#2571899963
1"
#2571904931
0"
#2571904931
1!
#2571909899
1"
#2571914867
0"
#2571919835
1"
#2571924803
0"
#2571967334
0!
#2571972302
1"
#2571977270
1!
#2572139890
0!
#2572144858
0"
#2572144858
1!
#2572149826
1"
#2572154794
0"
#2572159762
1"
#2572164730
0"
#2572169698
1"
#2572174666
0"
#2572174666
0!
#2572179634
1"
#2572184602
0"
#2572184602
1!
#2572189570
1"
#2572194538
0"
#2572199506
1"
#2572204474
0"
#2572204474
0!
#2572209442
1"
#2572214410
0"
#2572219378
1"
#2572224346
0"
#2572229314
1"
#2572234282
0"
#2572234282
1!
#2572239250
1"
#2572244218
0"
#2572249186
1"
#2572254154
0"
#2572259122
1"
#2572264090
0"
#2572269058
1"
#2572274026
0"
#2572274026
0!
#2572278994
1"
#2572283962
0"
#2572288930
1"
#2572293898
0"
#2572293898
1!
#2572298866
1"
#2572303834
0"
#2572308802
1"
#2572313770
0"
#2572313770
0!
#2572318738
1"
#2572323706
0"
#2572323706
1!
#2572394756
1"
#2572404692
0!
#2572409660
0"
#2572409660
1!
#2572414628
1"
#2572419596
0"
#2572424564
1"
#2572429532
0"
#2572434500
1"
#2572439468
0"
#2572439468
0!
#2572444436
1"
#2572449404
0"
#2572449404
1!
#2572454372
1"
#2572459340
0"
#2572464308
1"
#2572469276
0"
#2572469276
0!
#2572474244
1"
#2572479212
0"
#2572479212
1!
#2572484180
1"
#2572489148
0"
#2572489148
0!
#2572494116
1"
#2572499084
0"
#2572499084
1!
#2572499084
0!
#2572504052
1"
#2572509020
0"
#2572509020
1!
#2572509020
0!
#2572513988
1"
#2572518956
0"
#2572518956
1!
#2572518956
0!
#2572523924
1"
#2572528892
0"
#2572528892
1!
#2572528892
0!
#2572533860
1"
#2572538828
0"
#2572538828
1!
#2572543796
1"
#2572548764
0"
#2572548764
0!
#2572553732
1"
#2572558700
0"
#2572558700
1!
#2572558700
0!
#2572563668
1"
#2572568636
0"
#2572568636
1!
#2572568636
0!
#2572573604
1"
#2572578572
0"
#2572578572
1!
#2572578572
0!
#2572583540
1"
#2572588508
0"
#2572634126
1"
#2572639094
0"
#2572639094
1!
#2572639094
0!
#2572644062
1"
#2572649030
0"
#2572649030
1!
#2572653998
1"
#2572658966
0"
#2572658966
0!
#2572663934
1"
#2572668902
0"
#2572668902
1!
#2572668902
0!
#2572673870
1"
#2572678838
0"
#2572678838
1!
#2572683806
1"
#2572688774
0"
#2572688774
0!
#2572693742
1"
#2572698710
0"
#2572698710
1!
#2572703678
1"
#2572708646
0"
#2572713614
1"
#2572718582
0"
#2572761114
0!
#2572766082
1"
#2572771050
1!
#2572933670
0!
#2572938638
0"
#2572938638
1!
#2572943606
1"
#2572948574
0"
#2572953542
1"
#2572958510
0"
#2572963478
1"
#2572968446
0"
#2572968446
0!
#2572973414
1"
#2572978382
0"
#2572978382
1!
#2572983350
1"
#2572988318
0"
#2572993286
1"
#2572998254
0"
#2572998254
0!
#2573003222
1"
#2573008190
0"
#2573013158
1"
#2573018126
0"
#2573023094
1"
#2573028062
0"
#2573028062
1!
#2573033030
1"
#2573037998
0"
#2573042966
1"
#2573047934
0"
#2573052902
1"
#2573057870
0"
#2573062838
1"
#2573067806
0"
#2573067806
0!
#2573072774
1"
#2573077742
0"
#2573082710
1"
#2573087678
0"
#2573087678
1!
#2573092646
1"
#2573097614
0"
#2573102582
1"
#2573107550
0"
#2573107550
0!
#2573112518
1"
#2573117486
0"
#2573117486
1!
#2573188536
1"
#2573198472
0!
#2573203440
0"
#2573203440
1!
#2573208408
1"
#2573213376
0"
#2573218344
1"
#2573223312
0"
#2573228280
1"
#2573233248
0"
#2573233248
0!
#2573238216
1"
#2573243184
0"
#2573243184
1!
#2573248152
1"
#2573253120
0"
#2573258088
1"
#2573263056
0"
#2573263056
0!
#2573268024
1"
#2573272992
0"
#2573272992
1!
#2573277960
1"
#2573282928
0"
#2573282928
0!
#2573287896
1"
#2573292864
0"
#2573292864
1!
#2573292864
0!
#2573297832
1"
#2573302800
0"
#2573302800
1!
#2573302800
0!
#2573307768
1"
#2573312736
0"
#2573312736
1!
#2573312736
0!
#2573317704
1"
#2573322672
0"
#2573322672
1!
#2573322672
0!
#2573327640
1"
#2573332608
0"
#2573332608
1!
#2573337576
1"
#2573342544
0"
#2573342544
0!
#2573347512
1"
#2573352480
0"
#2573352480
1!
#2573352480
0!
#2573357448
1"
#2573362416
0"
#2573362416
1!
#2573362416
0!
#2573367384
1"
#2573372352
0"
#2573372352
1!
#2573372352
0!
#2573377320
1"
#2573382288
0"
#2573427906
1"
#2573432874
0"
#2573432874
1!
#2573432874
0!
#2573437842
1"
#2573442810
0"
#2573442810
1!
#2573447778
1"
#2573452746
0"
#2573452746
0!
#2573457714
1"
#2573462682
0"
#2573462682
1!
#2573462682
0!
#2573467650
1"
#2573472618
0"
#2573472618
1!
#2573477586
1"
#2573482554
0"
#2573482554
0!
#2573487522
1"
#2573492490
0"
#2573492490
1!
#2573497458
1"
#2573502426
0"
#2573507394
1"
#2573512362
0"
#2573554893
0!
#2573559861
1"
#2573564829
1!
#2573727449
0!
#2573732417
0"
#2573732417
1!
#2573737385
1"
#2573742353
0"
#2573747321
1"
#2573752289
0"
#2573757257
1"
#2573762225
0"
#2573762225
0!
#2573767193
1"
#2573772161
0"
#2573772161
1!
#2573777129
1"
#2573782097
0"
#2573787065
1"
#2573792033
0"
#2573792033
0!
#2573797001
1"
#2573801969
0"
#2573806937
1"
#2573811905
0"
#2573816873
1"
#2573821841
0"
#2573821841
1!
#2573826809
1"
#2573831777
0"
#2573836745
1"
#2573841713
0"
#2573846681
1"
#2573851649
0"
#2573856617
1"
#2573861585
0"
#2573861585
0!
#2573866553
1"
#2573871521
0"
#2573876489
1"
#2573881457
0"
#2573881457
1!
#2573886425
1"
#2573891393
0"
#2573896361
1"
#2573901329
0"
#2573901329
0!
#2573906297
1"
#2573911265
0"
#2573911265
1!
#2573982315
1"
#2573992251
0!
#2573997219
0"
#2573997219
1!
#2574002187
1"
#2574007155
0"
#2574012123
1"
#2574017091
0"
#2574022059
1"
#2574027027
0"
#2574027027
0!
#2574031995
1"
#2574036963
0"
#2574036963
1!
#2574041931
1"
#2574046899
0"
#2574051867
1"
#2574056835
0"
#2574056835
0!
#2574061803
1"
#2574066771
0"
#2574066771
1!
#2574071739
1"
#2574076707
0"
#2574076707
0!
#2574081675
1"
#2574086643
0"
#2574086643
1!
#2574086643
0!
#2574091611
1"
#2574096579
0"
#2574096579
1!
#2574096579
0!
#2574101547
1"
#2574106515
0"
#2574106515
1!
#2574106515
0!
#2574111483
1"
#2574116451
0"
#2574116451
1!
#2574116451
0!
#2574121419
1"
#2574126387
0"
#2574126387
1!
#2574131355
1"
#2574136323
0"
#2574136323
0!
#2574141291
1"
#2574146259
0"
#2574146259
1!
#2574146259
0!
#2574151227
1"
#2574156195
0"
#2574156195
1!
#2574156195
0!
#2574161163
1"
#2574166131
0"
#2574166131
1!
#2574166131
0!
#2574171099
1"
#2574176067
0"
#2574221685
1"
#2574226653
0"
#2574226653
1!
#2574226653
0!
#2574231621
1"
#2574236589
0"
#2574236589
1!
#2574241557
1"
#2574246525
0"
#2574246525
0!
#2574251493
1"
#2574256461
0"
#2574256461
1!
#2574256461
0!
#2574261429
1"
#2574266397
0"
#2574266397
1!
#2574271365
1"
#2574276333
0"
#2574276333
0!
#2574281301
1"
#2574286269
0"
#2574286269
1!
#2574291237
1"
#2574296205
0"
#2574301173
1"
#2574306141
0"
#2574348673
0!
#2574353641
1"
#2574358609
1!
#2574521229
0!
#2574526197
0"
#2574526197
1!
#2574531165
1"
#2574536133
0"
#2574541101
1"
#2574546069
0"
#2574551037
1"
#2574556005
0"
#2574556005
0!
#2574560973
1"
#2574565941
0"
#2574565941
1!
#2574570909
1"
#2574575877
0"
#2574580845
1"
#2574585813
0"
#2574585813
0!
#2574590781
1"
#2574595749
0"
#2574600717
1"
#2574605685
0"
#2574610653
1"
#2574615621
0"
#2574615621
1!
#2574620589
1"
#2574625557
0"
#2574630525
1"
#2574635493
0"
#2574640461
1"
#2574645429
0"
#2574650397
1"
#2574655365
0"
#2574655365
0!
#2574660333
1"
#2574665301
0"
#2574670269
1"
#2574675237
0"
#2574675237
1!
#2574680205
1"
#2574685173
0"
#2574690141
1"
#2574695109
0"
#2574695109
0!
#2574700077
1"
#2574705045
0"
#2574705045
1!
#2574776095
1"
#2574786031
0!
#2574790999
0"
#2574790999
1!
#2574795967
1"
#2574800935
0"
#2574805903
1"
#2574810871
0"
#2574815839
1"
#2574820807
0"
#2574820807
0!
#2574825775
1"
#2574830743
0"
#2574830743
1!
#2574835711
1"
#2574840679
0"
#2574845647
1"
#2574850615
0"
#2574850615
0!
#2574855583
1"
#2574860551
0"
#2574860551
1!
#2574865519
1"
#2574870487
0"
#2574870487
0!
#2574875455
1"
#2574880423
0"
#2574880423
1!
#2574880423
0!
#2574885391
1"
#2574890359
0"
#2574890359
1!
#2574890359
0!
#2574895327
1"
#2574900295
0"
#2574900295
1!
#2574900295
0!
#2574905263
1"
#2574910231
0"
#2574910231
1!
#2574910231
0!
#2574915199
1"
#2574920167
0"
#2574920167
1!
#2574925135
1"
#2574930103
0"
#2574930103
0!
#2574935071
1"
#2574940039
0"
#2574940039
1!
#2574940039
0!
#2574945007
1"
#2574949975
0"
#2574949975
1!
#2574949975
0!
#2574954943
1"
#2574959911
0"
#2574959911
1!
#2574959911
0!
#2574964879
1"
#2574969847
0"
#2575015465
1"
#2575020433
0"
#2575020433
1!
#2575020433
0!
#2575025401
1"
#2575030369
0"
#2575030369
1!
#2575035337
1"
#2575040305
0"
#2575040305
0!
#2575045273
1"
#2575050241
0"
#2575050241
1!
#2575050241
0!
#2575055209
1"
#2575060177
0"
#2575060177
1!
#2575065145
1"
#2575070113
0"
#2575070113
0!
#2575075081
1"
#2575080049
0"
#2575080049
1!
#2575085017
1"
#2575089985
0"
#2575094953
1"
#2575099921
0"
#2575142452
0!
#2575147420
1"
#2575152388
1!
#2575315008
0!
#2575319976
0"
#2575319976
1!
#2575324944
1"
#2575329912
0"
#2575334880
1"
#2575339848
0"
#2575344816
1"
#2575349784
0"
#2575349784
0!
#2575354752
1"
#2575359720
0"
#2575359720
1!
#2575364688
1"
#2575369656
0"
#2575374624
1"
#2575379592
0"
#2575379592
0!
#2575384560
1"
#2575389528
0"
#2575394496
1"
#2575399464
0"
#2575404432
1"
#2575409400
0"
#2575409400
1!
#2575414368
1"
#2575419336
0"
#2575424304
1"
#2575429272
0"
#2575434240
1"
#2575439208
0"
#2575444176
1"
#2575449144
0"
#2575449144
0!
#2575454112
1"
#2575459080
0"
#2575464048
1"
#2575469016
0"
#2575469016
1!
#2575473984
1"
#2575478952
0"
#2575483920
1"
#2575488888
0"
#2575488888
0!
#2575493856
1"
#2575498824
0"
#2575498824
1!
#2575569874
1"
#2575579810
0!
#2575584778
0"
#2575584778
1!
#2575589746
1"
#2575594714
0"
#2575599682
1"
#2575604650
0"
#2575609618
1"
#2575614586
0"
#2575614586
0!
#2575619554
1"
#2575624522
0"
#2575624522
1!
#2575629490
1"
#2575634458
0"
#2575639426
1"
#2575644394
0"
#2575644394
0!
#2575649362
1"
#2575654330
0"
#2575654330
1!
#2575659298
1"
#2575664266
0"
#2575664266
0!
#2575669234
1"
#2575674202
0"
#2575674202
1!
#2575674202
0!
#2575679170
1"
#2575684138
0"
#2575684138
1!
#2575684138
0!
#2575689106
1"
#2575694074
0"
#2575694074
1!
#2575694074
0!
#2575699042
1"
#2575704010
0"
#2575704010
1!
#2575704010
0!
#2575708978
1"
#2575713946
0"
#2575713946
1!
#2575718914
1"
#2575723882
0"
#2575723882
0!
#2575728850
1"
#2575733818
0"
#2575733818
1!
#2575733818
0!
#2575738786
1"
#2575743754
0"
#2575743754
1!
#2575743754
0!
#2575748722
1"
#2575753690
0"
#2575753690
1!
#2575753690
0!
#2575758658
1"
#2575763626
0"
#2575809244
1"
#2575814212
0"
#2575814212
1!
#2575814212
0!
#2575819180
1"
#2575824148
0"
#2575824148
1!
#2575829116
1"
#2575834084
0"
#2575834084
0!
#2575839052
1"
#2575844020
0"
#2575844020
1!
#2575844020
0!
#2575848988
1"
#2575853956
0"
#2575853956
1!
#2575858924
1"
#2575863892
0"
#2575863892
0!
#2575868860
1"
#2575873828
0"
#2575873828
1!
#2575878796
1"
#2575883764
0"
#2575888732
1"
#2575893700
0"
#2575936232
0!
#2575941200
1"
#2575946168
1!
#2576108788
0!
#2576113756
0"
#2576113756
1!
#2576118724
1"
#2576123692
0"
#2576128660
1"
#2576133628
0"
#2576138596
1"
#2576143564
0"
#2576143564
0!
#2576148532
1"
#2576153500
0"
#2576153500
1!
#2576158468
1"
#2576163436
0"
#2576168404
1"
#2576173372
0"
#2576173372
0!
#2576178340
1"
#2576183308
0"
#2576188276
1"
#2576193244
0"
#2576198212
1"
#2576203180
0"
#2576203180
1!
#2576208148
1"
#2576213116
0"
#2576218084
1"
#2576223052
0"
#2576228020
1"
#2576232988
0"
#2576237956
1"
#2576242924
0"
#2576242924
0!
#2576247892
1"
#2576252860
0"
#2576257828
1"
#2576262796
0"
#2576262796
1!
#2576267764
1"
#2576272732
0"
#2576277700
1"
#2576282668
0"
#2576282668
0!
#2576287636
1"
#2576292604
0"
#2576292604
1!
#2576363654
1"
#2576373590
0!
#2576378558
0"
#2576378558
1!
#2576383526
1"
#2576388494
0"
#2576393462
1"
#2576398430
0"
#2576403398
1"
#2576408366
0"
#2576408366
0!
#2576413334
1"
#2576418302
0"
#2576418302
1!
#2576423270
1"
#2576428238
0"
#2576433206
1"
#2576438174
0"
#2576438174
0!
#2576443142
1"
#2576448110
0"
#2576448110
1!
#2576453078
1"
#2576458046
0"
#2576458046
0!
#2576463014
1"
#2576467982
0"
#2576467982
1!
#2576467982
0!
#2576472950
1"
#2576477918
0"
#2576477918
1!
#2576477918
0!
#2576482886
1"
#2576487854
0"
#2576487854
1!
#2576487854
0!
#2576492822
1"
#2576497790
0"
#2576497790
1!
#2576497790
0!
#2576502758
1"
#2576507726
0"
#2576507726
1!
#2576512694
1"
#2576517662
0"
#2576517662
0!
#2576522630
1"
#2576527598
0"
#2576527598
1!
#2576527598
0!
#2576532566
1"
#2576537534
0"
#2576537534
1!
#2576537534
0!
#2576542502
1"
#2576547470
0"
#2576547470
1!
#2576547470
0!
#2576552438
1"
#2576557406
0"
#2576603024
1"
#2576607992
0"
#2576607992
1!
#2576607992
0!
#2576612960
1"
#2576617928
0"
#2576617928
1!
#2576622896
1"
#2576627864
0"
#2576627864
0!
#2576632832
1"
#2576637800
0"
#2576637800
1!
#2576637800
0!
#2576642768
1"
#2576647736
0"
#2576647736
1!
#2576652704
1"
#2576657672
0"
#2576657672
0!
#2576662640
1"
#2576667608
0"
#2576667608
1!
#2576672576
1"
#2576677544
0"
#2576682512
1"
#2576687480
0"
#2576730011
0!
#2576734979
1"
#2576739947
1!
#2576902567
0!
#2576907535
0"
#2576907535
1!
#2576912503
1"
#2576917471
0"
#2576922439
1"
#2576927407
0"
#2576932375
1"
#2576937343
0"
#2576937343
0!
#2576942311
1"
#2576947279
0"
#2576947279
1!
#2576952247
1"
#2576957215
0"
#2576962183
1"
#2576967151
0"
#2576967151
0!
#2576972119
1"
#2576977087
0"
#2576982055
1"
#2576987023
0"
#2576991991
1"
#2576996959
0"
#2576996959
1!
#2577001927
1"
#2577006895
0"
#2577011863
1"
#2577016831
0"
#2577021799
1"
#2577026767
0"
#2577031735
1"
#2577036703
0"
#2577036703
0!
#2577041671
1"
#2577046639
0"
#2577051607
1"
#2577056575
0"
#2577056575
1!
#2577061543
1"
#2577066511
0"
#2577071479
1"
#2577076447
0"
#2577076447
0!
#2577081415
1"
#2577086383
0"
#2577086383
1!
#2577157433
1"
#2577167369
0!
#2577172337
0"
#2577172337
1!
#2577177305
1"
#2577182273
0"
#2577187241
1"
#2577192209
0"
#2577197177
1"
#2577202145
0"
#2577202145
0!
#2577207113
1"
#2577212081
0"
#2577212081
1!
#2577217049
1"
#2577222017
0"
#2577226985
1"
#2577231953
0"
#2577231953
0!
#2577236921
1"
#2577241889
0"
#2577241889
1!
#2577246857
1"
#2577251825
0"
#2577251825
0!
#2577256793
1"
#2577261761
0"
#2577261761
1!
#2577261761
0!
#2577266729
1"
#2577271697
0"
#2577271697
1!
#2577271697
0!
#2577276665
1"
#2577281633
0"
#2577281633
1!
#2577281633
0!
#2577286601
1"
#2577291569
0"
#2577291569
1!
#2577291569
0!
#2577296537
1"
#2577301505
0"
#2577301505
1!
#2577306473
1"
#2577311441
0"
#2577311441
0!
#2577316409
1"
#2577321377
0"
#2577321377
1!
#2577321377
0!
#2577326345
1"
#2577331313
0"
#2577331313
1!
#2577331313
0!
#2577336281
1"
#2577341249
0"
#2577341249
1!
#2577341249
0!
#2577346217
1"
#2577351185
0"
#2577396803
1"
#2577401771
0"
#2577401771
1!
#2577401771
0!
#2577406739
1"
#2577411707
0"
#2577411707
1!
#2577416675
1"
#2577421643
0"
#2577421643
0!
#2577426611
1"
#2577431579
0"
#2577431579
1!
#2577431579
0!
#2577436547
1"
#2577441515
0"
#2577441515
1!
#2577446483
1"
#2577451451
0"
#2577451451
0!
#2577456419
1"
#2577461387
0"
#2577461387
1!
#2577466355
1"
#2577471323
0"
#2577476291
1"
#2577481259
0"
#2577523791
0!
#2577528759
1"
#2577533727
1!
#2577696347
0!
#2577701315
0"
#2577701315
1!
#2577706283
1"
#2577711251
0"
#2577716219
1"
#2577721187
0"
#2577726155
1"
#2577731123
0"
#2577731123
0!
#2577736091
1"
#2577741059
0"
#2577741059
1!
#2577746027
1"
#2577750995
0"
#2577755963
1"
#2577760931
0"
#2577760931
0!
#2577765899
1"
#2577770867
0"
#2577775835
1"
#2577780803
0"
#2577785771
1"
#2577790739
0"
#2577790739
1!
#2577795707
1"
#2577800675
0"
#2577805643
1"
#2577810611
0"
#2577815579
1"
#2577820547
0"
#2577825515
1"
#2577830483
0"
#2577830483
0!
#2577835451
1"
#2577840419
0"
#2577845387
1"
#2577850355
0"
#2577850355
1!
#2577855323
1"
#2577860291
0"
#2577865259
1"
#2577870227
0"
#2577870227
0!
#2577875195
1"
#2577880163
0"
#2577880163
1!
#2577951213
1"
#2577961149
0!
#2577966117
0"
#2577966117
1!
#2577971085
1"
#2577976053
0"
#2577981021
1"
#2577985989
0"
#2577990957
1"
#2577995925
0"
#2577995925
0!
#2578000893
1"
#2578005861
0"
#2578005861
1!
#2578010829
1"
#2578015797
0"
#2578020765
1"
#2578025733
0"
#2578025733
0!
#2578030701
1"
#2578035669
0"
#2578035669
1!
#2578040637
1"
#2578045605
0"
#2578045605
0!
#2578050573
1"
#2578055541
0"
#2578055541
1!
#2578055541
0!
#2578060509
1"
#2578065477
0"
#2578065477
1!
#2578065477
0!
#2578070445
1"
#2578075413
0"
#2578075413
1!
#2578075413
0!
#2578080381
1"
#2578085349
0"
#2578085349
1!
#2578085349
0!
#2578090317
1"
#2578095285
0"
#2578095285
1!
#2578100253
1"
#2578105221
0"
#2578105221
0!
#2578110189
1"
#2578115157
0"
#2578115157
1!
#2578115157
0!
#2578120125
1"
#2578125093
0"
#2578125093
1!
#2578125093
0!
#2578130061
1"
#2578135029
0"
#2578135029
1!
#2578135029
0!
#2578139997
1"
#2578144965
0"
#2578190583
1"
#2578195551
0"
#2578195551
1!
#2578195551
0!
#2578200519
1"
#2578205487
0"
#2578205487
1!
#2578210455
1"
#2578215423
0"
#2578215423
0!
#2578220391
1"
#2578225359
0"
#2578225359
1!
#2578225359
0!
#2578230327
1"
#2578235295
0"
#2578235295
1!
#2578240263
1"
#2578245231
0"
#2578245231
0!
#2578250199
1"
#2578255167
0"
#2578255167
1!
#2578260135
1"
#2578265103
0"
#2578270071
1"
#2578275039
0"
#2578317570
0!
#2578322538
1"
#2578327506
1!
#2578490126
0!
#2578495094
0"
#2578495094
1!
#2578500062
1"
#2578505030
0"
#2578509998
1"
#2578514966
0"
#2578519934
1"
#2578524902
0"
#2578524902
0!
#2578529870
1"
#2578534838
0"
#2578534838
1!
#2578539806
1"
#2578544774
0"
#2578549742
1"
#2578554710
0"
#2578554710
0!
#2578559678
1"
#2578564646
0"
#2578569614
1"
#2578574582
0"
#2578579550
1"
#2578584518
0"
#2578584518
1!
#2578589486
1"
#2578594454
0"
#2578599422
1"
#2578604390
0"
#2578609358
1"
#2578614326
0"
#2578619294
1"
#2578624262
0"
#2578624262
0!
#2578629230
1"
#2578634198
0"
#2578639166
1"
#2578644134
0"
#2578644134
1!
#2578649102
1"
#2578654070
0"
#2578659038
1"
#2578664006
0"
#2578664006
0!
#2578668974
1"
#2578673942
0"
#2578673942
1!
#2578744992
1"
#2578754928
0!
#2578759896
0"
#2578759896
1!
#2578764864
1"
#2578769832
0"
#2578774800
1"
#2578779768
0"
#2578784736
1"
#2578789704
0"
#2578789704
0!
#2578794672
1"
#2578799640
0"
#2578799640
1!
#2578804608
1"
#2578809576
0"
#2578814544
1"
#2578819512
0"
#2578819512
0!
#2578824480
1"
#2578829448
0"
#2578829448
1!
#2578834416
1"
#2578839384
0"
#2578839384
0!
#2578844352
1"
#2578849320
0"
#2578849320
1!
#2578849320
0!
#2578854288
1"
#2578859256
0"
#2578859256
1!
#2578859256
0!
#2578864224
1"
#2578869192
0"
#2578869192
1!
#2578869192
0!
#2578874160
1"
#2578879128
0"
#2578879128
1!
#2578879128
0!
#2578884096
1"
#2578889064
0"
#2578889064
1!
#2578889064
0!
#2578894032
1"
#2578899000
0"
#2578899000
1!
#2578899000
0!
#2578903968
1"
#2578908936
0"
#2578908936
1!
#2578908936
0!
#2578913904
1"
#2578918872
0"
#2578918872
1!
#2578918872
0!
#2578923840
1"
#2578928808
0"
#2578928808
1!
#2578928808
0!
#2578933776
1"
#2578938744
0"
#2578984362
1"
#2578989330
0"
#2578989330
1!
#2578989330
0!
#2578994298
1"
#2578999266
0"
#2578999266
1!
#2579004234
1"
#2579009202
0"
#2579009202
0!
#2579014170
1"
#2579019138
0"
#2579019138
1!
#2579019138
0!
#2579024106
1"
#2579029074
0"
#2579029074
1!
#2579034042
1"
#2579039010
0"
#2579039010
0!
#2579043978
1"
#2579048946
0"
#2579048946
1!
#2579048946
0!
#2579053914
1"
#2579058882
0"
#2579058882
1!
#2579063850
1"
#2579068818
0"
#2579111350
0!
#2579116318
1"
#2579121286
1!
#2579275412
0!
#2579280380
0"
#2579280380
1!
#2579285348
1"
#2579290316
0"
#2579295284
1"
#2579300252
0"
#2579305220
1"
#2579310188
0"
#2579310188
0!
#2579315156
1"
#2579320124
0"
#2579320124
1!
#2579325092
1"
#2579330060
0"
#2579335028
1"
#2579339996
0"
#2579339996
0!
#2579344964
1"
#2579349932
0"
#2579354900
1"
#2579359868
0"
#2579364836
1"
#2579369804
0"
#2579369804
1!
#2579374772
1"
#2579379740
0"
#2579384708
1"
#2579389676
0"
#2579394644
1"
#2579399612
0"
#2579404580
1"
#2579409548
0"
#2579409548
0!
#2579414516
1"
#2579419484
0"
#2579419484
1!
#2579424452
1"
#2579429420
0"
#2579434388
1"
#2579439356
0"
#2579444324
1"
#2579449292
0"
#2579449292
0!
#2579454260
1"
#2579459228
0"
#2579459228
1!
#2579530078
1"
#2579540014
0!
#2579544982
0"
#2579544982
1!
#2579549950
1"
#2579554918
0"
#2579559886
1"
#2579564854
0"
#2579569822
1"
#2579574790
0"
#2579574790
0!
#2579579758
1"
#2579584726
0"
#2579584726
1!
#2579589694
1"
#2579594662
0"
#2579599630
1"
#2579604598
0"
#2579604598
0!
#2579609566
1"
#2579614534
0"
#2579614534
1!
#2579619502
1"
#2579624470
0"
#2579624470
0!
#2579629438
1"
#2579634406
0"
#2579634406
1!
#2579634406
0!
#2579639374
1"
#2579644342
0"
#2579644342
1!
#2579649310
1"
#2579654278
0"
#2579659246
1"
#2579664214
0"
#2579664214
0!
#2579669182
1"
#2579674150
0"
#2579674150
1!
#2579674150
0!
#2579679118
1"
#2579684086
0"
#2579684086
1!
#2579689054
1"
#2579694022
0"
#2579694022
0!
#2579698990
1"
#2579703958
0"
#2579703958
1!
#2579703958
0!
#2579708926
1"
#2579713894
0"
#2579713894
1!
#2579713894
0!
#2579718862
1"
#2579723830
0"
#2579728798
1"
#2579733766
0"
#2579733766
1!
#2579738734
1"
#2579743702
0"
#2579743702
0!
#2579748670
1"
#2579753638
0"
#2579753638
1!
#2579753638
0!
#2579758606
1"
#2579763574
0"
#2579763574
1!
#2579763574
0!
#2579768542
1"
#2579773510
0"
#2579773510
1!
#2579778478
1"
#2579783446
0"
#2579788414
1"
#2579793382
0"
#2579793382
0!
#2579798350
1"
#2579803318
0"
#2579803318
1!
#2579803318
0!
#2579808286
1"
#2579813254
0"
#2579813254
1!
#2579818222
1"
#2579823190
0"
#2579823190
0!
#2579828158
1"
#2579833126
0"
#2579833126
1!
#2579838094
1"
#2579843062
0"
#2579843062
0!
#2579848030
1"
#2579852998
0"
#2579852998
1!
#2579852998
0!
#2579857966
1"
#2579862934
0"
#2579862934
1!
#2579862934
0!
#2579867902
1"
#2579872870
0"
#2579872870
1!
#2579872870
0!
#2579877838
1"
#2579882806
0"
#2579882806
1!
#2579882806
0!
#2579887774
1"
#2579892742
0"
#2579892742
1!
#2579892742
0!
#2579897710
1"
#2579902678
0"
#2579907646
1"
#2579912614
0"
#2579912614
1!
#2579917582
1"
#2579922550
0"
#2579927518
1"
#2579932486
0"
#2579937454
1"
#2579942422
0"
#2579947390
1"
#2579952358
0"
#2579957326
1"
#2579962294
0"
#2579967262
1"
#2579972230
0"
#2579972230
0!
#2579977198
1"
#2579982166
0"
#2579982166
1!
#2579982166
0!
#2579987134
1"
#2579992102
0"
#2579997070
1"
#2580002038
0"
#2580002038
1!
#2580007006
1"
#2580011974
0"
#2580016942
1"
#2580021910
0"
#2580026878
1"
#2580031846
0"
#2580036814
1"
#2580041782
0"
#2580041782
0!
#2580046750
1"
#2580051718
0"
#2580051718
1!
#2580051718
0!
#2580056686
1"
#2580061654
0"
#2580061654
1!
#2580061654
0!
#2580066622
1"
#2580071590
0"
#2580071590
1!
#2580071590
0!
#2580076558
1"
#2580081526
0"
#2580086494
1"
#2580091462
0"
#2580091462
1!
#2580091462
0!
#2580096430
1"
#2580101398
0"
#2580101398
1!
#2580101398
0!
#2580106366
1"
#2580111334
0"
#2580111334
1!
#2580111334
0!
#2580116302
1"
#2580121270
0"
#2580121270
1!
#2580121270
0!
#2580126238
1"
#2580131206
0"
#2580131206
1!
#2580131206
0!
#2580136174
1"
#2580141142
0"
#2580141142
1!
#2580141142
0!
#2580146110
1"
#2580151078
0"
#2580151078
1!
#2580151078
0!
#2580156046
1"
#2580161014
0"
#2580161014
1!
#2580161014
0!
#2580165982
1"
#2580170950
0"
#2580175918
1"
#2580180886
0"
#2580180886
1!
#2580185854
1"
#2580190822
0"
#2580195790
1"
#2580200758
0"
#2580200758
0!
#2580205726
1"
#2580210694
0"
#2580210694
1!
#2580215662
1"
#2580220630
0"
#2580225598
1"
#2580230566
0"
#2580230566
0!
#2580235534
1"
#2580240502
0"
#2580240502
1!
#2580240502
0!
#2580245470
1"
#2580250438
0"
#2580250438
1!
#2580250438
0!
#2580255406
1"
#2580260374
0"
#2580301612
1!
#2580306580
1"
#2580311548
0"
#2580311548
0!
#2580316516
1"
#2580321484
0"
#2580321484
1!
#2580321484
0!
#2580326452
1"
#2580331420
0"
#2580331420
1!
#2580336388
1"
#2580341356
0"
#2580341356
0!
#2580346324
1"
#2580351292
0"
#2580351292
1!
#2580356260
1"
#2580361228
0"
#2580361228
0!
#2580366196
1"
#2580371164
0"
#2580371164
1!
#2580371164
0!
#2580376132
1"
#2580381100
0"
#2580381100
1!
#2580386068
1"
#2580391036
0"
#2580433567
0!
#2580438535
1"
#2580443503
1!
#3580078006
0!
#3580082974
0"
#3580082974
1!
#3580087942
1"
#3580092910
0"
#3580097878
1"
#3580102846
0"
#3580107814
1"
#3580112782
0"
#3580112782
0!
#3580117750
1"
#3580122718
0"
#3580122718
1!
#3580127686
1"
#3580132654
0"
#3580137622
1"
#3580142590
0"
#3580142590
0!
#3580147558
1"
#3580152526
0"
#3580157494
1"
#3580162462
0"
#3580167430
1"
#3580172398
0"
#3580172398
1!
#3580177366
1"
#3580182334
0"
#3580187302
1"
#3580192270
0"
#3580197238
1"
#3580202206
0"
#3580207174
1"
#3580212142
0"
#3580212142
0!
#3580217110
1"
#3580222078
0"
#3580227046
1"
#3580232014
0"
#3580232014
1!
#3580236982
1"
#3580241950
0"
#3580241950
0!
#3580246918
1"
#3580251886
0"
#3580256854
1"
#3580261822
0"
#3580261822
1!
#3580261822
0!
#3580266790
1"
#3580271758
0"
#3580276726
1"
#3580281694
0"
#3580286662
1"
#3580291630
0"
#3580296598
1"
#3580301566
0"
#3580306534
1"
#3580311502
0"
#3580316470
1"
#3580321438
0"
#3580326406
1"
#3580331374
0"
#3580331374
1!
#3580336342
1"
#3580341310
0"
#3580341310
0!
#3580346278
1"
#3580351246
0"
#3580351246
1!
#3580392896
0!
#3580397864
1"
#3580402832
1!
#3580548740
0!
#3580553708
0"
#3580553708
1!
#3580558676
1"
#3580563644
0"
#3580568612
1"
#3580573580
0"
#3580578548
1"
#3580583516
0"
#3580583516
0!
#3580588484
1"
#3580593452
0"
#3580593452
1!
#3580598420
1"
#3580603388
0"
#3580608356
1"
#3580613324
0"
#3580613324
0!
#3580618292
1"
#3580623260
0"
#3580628228
1"
#3580633196
0"
#3580638164
1"
#3580643132
0"
#3580643132
1!
#3580648100
1"
#3580653068
0"
#3580658036
1"
#3580663004
0"
#3580667972
1"
#3580672940
0"
#3580677908
1"
#3580682876
0"
#3580682876
0!
#3580687844
1"
#3580692812
0"
#3580692812
1!
#3580697780
1"
#3580702748
0"
#3580702748
0!
#3580707716
1"
#3580712684
0"
#3580712684
1!
#3580717652
1"
#3580722620
0"
#3580722620
0!
#3580727588
1"
#3580732556
0"
#3580732556
1!
#3580737524
1"
#3580742492
0"
#3580742492
0!
#3580747460
1"
#3580752428
0"
#3580757396
1"
#3580762364
0"
#3580767332
1"
#3580772300
0"
#3580777268
1"
#3580782236
0"
#3580787204
1"
#3580792172
0"
#3580797140
1"
#3580802108
0"
#3580807076
1"
#3580812044
0"
#3580817012
1"
#3580821980
0"
#3580821980
1!
#3580863630
0!
#3580868598
1"
#3580873566
1!
#3581019723
0!
#3581024691
0"
#3581024691
1!
#3581029659
1"
#3581034627
0"
#3581039595
1"
#3581044563
0"
#3581049531
1"
#3581054499
0"
#3581054499
0!
#3581059467
1"
#3581064435
0"
#3581064435
1!
#3581069403
1"
#3581074371
0"
#3581079339
1"
#3581084307
0"
#3581084307
0!
#3581089275
1"
#3581094243
0"
#3581099211
1"
#3581104179
0"
#3581109147
1"
#3581114115
0"
#3581114115
1!
#3581119083
1"
#3581124051
0"
#3581129019
1"
#3581133987
0"
#3581138955
1"
#3581143923
0"
#3581148891
1"
#3581153859
0"
#3581153859
0!
#3581158827
1"
#3581163795
0"
#3581163795
1!
#3581168763
1"
#3581173731
0"
#3581173731
0!
#3581178699
1"
#3581183667
0"
#3581188635
1"
#3581193603
0"
#3581198571
1"
#3581203539
0"
#3581203539
1!
#3581203539
0!
#3581208507
1"
#3581213475
0"
#3581218443
1"
#3581223411
0"
#3581223411
1!
#3581228379
1"
#3581233347
0"
#3581233347
0!
#3581238315
1"
#3581243283
0"
#3581248251
1"
#3581253219
0"
#3581253219
1!
#3581258187
1"
#3581263155
0"
#3581268123
1"
#3581273091
0"
#3581278059
1"
#3581283027
0"
#3581283027
0!
#3581287995
1"
#3581292963
0"
#3581292963
1!
#3581334613
0!
#3581339581
1"
#3581344549
1!
#5579289425
0!
#5579294393
0"
#5579294393
1!
#5579299361
1"
#5579304329
0"
#5579309297
1"
#5579314265
0"
#5579319233
1"
#5579324201
0"
#5579324201
0!
#5579329169
1"
#5579334137
0"
#5579334137
1!
#5579339105
1"
#5579344073
0"
#5579349041
1"
#5579354009
0"
#5579354009
0!
#5579358977
1"
#5579363945
0"
#5579368913
1"
#5579373881
0"
#5579378849
1"
#5579383817
0"
#5579383817
1!
#5579388785
1"
#5579393753
0"
#5579398721
1"
#5579403689
0"
#5579408657
1"
#5579413625
0"
#5579418593
1"
#5579423561
0"
#5579423561
0!
#5579428529
1"
#5579433497
0"
#5579433497
1!
#5579438465
1"
#5579443433
0"
#5579448401
1"
#5579453369
0"
#5579458337
1"
#5579463305
0"
#5579463305
0!
#5579468273
1"
#5579473241
0"
#5579473241
1!
#5579544091
1"
#5579554027
0!
#5579558995
0"
#5579558995
1!
#5579563963
1"
#5579568931
0"
#5579573899
1"
#5579578867
0"
#5579583835
1"
#5579588803
0"
#5579588803
0!
#5579593771
1"
#5579598739
0"
#5579598739
1!
#5579603707
1"
#5579608675
0"
#5579613643
1"
#5579618611
0"
#5579618611
0!
#5579623579
1"
#5579628547
0"
#5579628547
1!
#5579633515
1"
#5579638483
0"
#5579638483
0!
#5579643451
1"
#5579648419
0"
#5579648419
1!
#5579648419
0!
#5579653387
1"
#5579658355
0"
#5579658355
1!
#5579663323
1"
#5579668291
0"
#5579673259
1"
#5579678227
0"
#5579678227
0!
#5579683195
1"
#5579688163
0"
#5579688163
1!
#5579688163
0!
#5579693131
1"
#5579698099
0"
#5579698099
1!
#5579703067
1"
#5579708035
0"
#5579708035
0!
#5579713003
1"
#5579717971
0"
#5579717971
1!
#5579717971
0!
#5579722939
1"
#5579727907
0"
#5579727907
1!
#5579727907
0!
#5579732875
1"
#5579737843
0"
#5579742811
1"
#5579747779
0"
#5579747779
1!
#5579752747
1"
#5579757715
0"
#5579757715
0!
#5579762683
1"
#5579767651
0"
#5579767651
1!
#5579767651
0!
#5579772619
1"
#5579777587
0"
#5579777587
1!
#5579777587
0!
#5579782555
1"
#5579787523
0"
#5579787523
1!
#5579792491
1"
#5579797459
0"
#5579802427
1"
#5579807395
0"
#5579807395
0!
#5579812363
1"
#5579817331
0"
#5579817331
1!
#5579817331
0!
#5579822299
1"
#5579827267
0"
#5579827267
1!
#5579832235
1"
#5579837203
0"
#5579837203
0!
#5579842171
1"
#5579847139
0"
#5579847139
1!
#5579852107
1"
#5579857075
0"
#5579857075
0!
#5579862043
1"
#5579867011
0"
#5579867011
1!
#5579867011
0!
#5579871979
1"
#5579876947
0"
#5579876947
1!
#5579876947
0!
#5579881915
1"
#5579886883
0"
#5579886883
1!
#5579886883
0!
#5579891851
1"
#5579896819
0"
#5579896819
1!
#5579896819
0!
#5579901787
1"
#5579906755
0"
#5579906755
1!
#5579906755
0!
#5579911723
1"
#5579916691
0"
#5579921659
1"
#5579926627
0"
#5579926627
1!
#5579931595
1"
#5579936563
0"
#5579941531
1"
#5579946499
0"
#5579951467
1"
#5579956435
0"
#5579961403
1"
#5579966371
0"
#5579971339
1"
#5579976307
0"
#5579981275
1"
#5579986243
0"
#5579986243
0!
#5579991211
1"
#5579996179
0"
#5579996179
1!
#5579996179
0!
#5580001147
1"
#5580006115
0"
#5580011083
1"
#5580016051
0"
#5580016051
1!
#5580021019
1"
#5580025987
0"
#5580030955
1"
#5580035923
0"
#5580040891
1"
#5580045859
0"
#5580050827
1"
#5580055795
0"
#5580055795
0!
#5580060763
1"
#5580065731
0"
#5580065731
1!
#5580065731
0!
#5580070699
1"
#5580075667
0"
#5580075667
1!
#5580075667
0!
#5580080635
1"
#5580085603
0"
#5580085603
1!
#5580085603
0!
#5580090571
1"
#5580095539
0"
#5580100507
1"
#5580105475
0"
#5580105475
1!
#5580105475
0!
#5580110443
1"
#5580115411
0"
#5580115411
1!
#5580115411
0!
#5580120379
1"
#5580125347
0"
#5580125347
1!
#5580125347
0!
#5580130315
1"
#5580135283
0"
#5580135283
1!
#5580135283
0!
#5580140251
1"
#5580145219
0"
#5580145219
1!
#5580145219
0!
#5580150187
1"
#5580155155
0"
#5580155155
1!
#5580155155
0!
#5580160123
1"
#5580165091
0"
#5580165091
1!
#5580165091
0!
#5580170059
1"
#5580175027
0"
#5580175027
1!
#5580175027
0!
#5580179995
1"
#5580184963
0"
#5580189931
1"
#5580194899
0"
#5580194899
1!
#5580199867
1"
#5580204835
0"
#5580209803
1"
#5580214771
0"
#5580214771
0!
#5580219739
1"
#5580224707
0"
#5580224707
1!
#5580229675
1"
#5580234643
0"
#5580239611
1"
#5580244579
0"
#5580244579
0!
#5580249547
1"
#5580254515
0"
#5580254515
1!
#5580254515
0!
#5580259483
1"
#5580264451
0"
#5580264451
1!
#5580264451
0!
#5580269419
1"
#5580274387
0"
#5580315624
1!
#5580320592
1"
#5580325560
0"
#5580325560
0!
#5580330528
1"
#5580335496
0"
#5580335496
1!
#5580335496
0!
#5580340464
1"
#5580345432
0"
#5580345432
1!
#5580350400
1"
#5580355368
0"
#5580355368
0!
#5580360336
1"
#5580365304
0"
#5580365304
1!
#5580370272
1"
#5580375240
0"
#5580375240
0!
#5580380208
1"
#5580385176
0"
#5580385176
1!
#5580385176
0!
#5580390144
1"
#5580395112
0"
#5580395112
1!
#5580400080
1"
#5580405048
0"
#5580447579
0!
#5580452547
1"
#5580457515
1!
#7579289425
0!
#7579294393
0"
#7579294393
1!
#7579299361
1"
#7579304329
0"
#7579309297
1"
#7579314265
0"
#7579319233
1"
#7579324201
0"
#7579324201
0!
#7579329169
1"
#7579334137
0"
#7579334137
1!
#7579339105
1"
#7579344073
0"
#7579349041
1"
#7579354009
0"
#7579354009
0!
#7579358977
1"
#7579363945
0"
#7579368913
1"
#7579373881
0"
#7579378849
1"
#7579383817
0"
#7579383817
1!
#7579388785
1"
#7579393753
0"
#7579398721
1"
#7579403689
0"
#7579408657
1"
#7579413625
0"
#7579418593
1"
#7579423561
0"
#7579423561
0!
#7579428529
1"
#7579433497
0"
#7579433497
1!
#7579438465
1"
#7579443433
0"
#7579448401
1"
#7579453369
0"
#7579458337
1"
#7579463305
0"
#7579463305
0!
#7579468273
1"
#7579473241
0"
#7579473241
1!
#7579544091
1"
#7579554027
0!
#7579558995
0"
#7579558995
1!
#7579563963
1"
#7579568931
0"
#7579573899
1"
#7579578867
0"
#7579583835
1"
#7579588803
0"
#7579588803
0!
#7579593771
1"
#7579598739
0"
#7579598739
1!
#7579603707
1"
#7579608675
0"
#7579613643
1"
#7579618611
0"
#7579618611
0!
#7579623579
1"
#7579628547
0"
#7579628547
1!
#7579633515
1"
#7579638483
0"
#7579638483
0!
#7579643451
1"
#7579648419
0"
#7579648419
1!
#7579648419
0!
#7579653387
1"
#7579658355
0"
#7579658355
1!
#7579663323
1"
#7579668291
0"
#7579673259
1"
#7579678227
0"
#7579678227
0!
#7579683195
1"
#7579688163
0"
#7579688163
1!
#7579688163
0!
#7579693131
1"
#7579698099
0"
#7579698099
1!
#7579703067
1"
#7579708035
0"
#7579708035
0!
#7579713003
1"
#7579717971
0"
#7579717971
1!
#7579717971
0!
#7579722939
1"
#7579727907
0"
#7579727907
1!
#7579727907
0!
#7579732875
1"
#7579737843
0"
#7579742811
1"
#7579747779
0"
#7579747779
1!
#7579752747
1"
#7579757715
0"
#7579757715
0!
#7579762683
1"
#7579767651
0"
#7579767651
1!
#7579767651
0!
#7579772619
1"
#7579777587
0"
#7579777587
1!
#7579777587
0!
#7579782555
1"
#7579787523
0"
#7579787523
1!
#7579792491
1"
#7579797459
0"
#7579802427
1"
#7579807395
0"
#7579807395
0!
#7579812363
1"
#7579817331
0"
#7579817331
1!
#7579817331
0!
#7579822299
1"
#7579827267
0"
#7579827267
1!
#7579832235
1"
#7579837203
0"
#7579837203
0!
#7579842171
1"
#7579847139
0"
#7579847139
1!
#7579852107
1"
#7579857075
0"
#7579857075
0!
#7579862043
1"
#7579867011
0"
#7579867011
1!
#7579867011
0!
#7579871979
1"
#7579876947
0"
#7579876947
1!
#7579876947
0!
#7579881915
1"
#7579886883
0"
#7579886883
1!
#7579886883
0!
#7579891851
1"
#7579896819
0"
#7579896819
1!
#7579896819
0!
#7579901787
1"
#7579906755
0"
#7579906755
1!
#7579906755
0!
#7579911723
1"
#7579916691
0"
#7579921659
1"
#7579926627
0"
#7579926627
1!
#7579931595
1"
#7579936563
0"
#7579941531
1"
#7579946499
0"
#7579951467
1"
#7579956435
0"
#7579961403
1"
#7579966371
0"
#7579971339
1"
#7579976307
0"
#7579981275
1"
#7579986243
0"
#7579986243
0!
#7579991211
1"
#7579996179
0"
#7579996179
1!
#7579996179
0!
#7580001147
1"
#7580006115
0"
#7580011083
1"
#7580016051
0"
#7580016051
1!
#7580021019
1"
#7580025987
0"
#7580030955
1"
#7580035923
0"
#7580040891
1"
#7580045859
0"
#7580050827
1"
#7580055795
0"
#7580055795
0!
#7580060763
1"
#7580065731
0"
#7580065731
1!
#7580065731
0!
#7580070699
1"
#7580075667
0"
#7580075667
1!
#7580075667
0!
#7580080635
1"
#7580085603
0"
#7580085603
1!
#7580085603
0!
#7580090571
1"
#7580095539
0"
#7580100507
1"
#7580105475
0"
#7580105475
1!
#7580105475
0!
#7580110443
1"
#7580115411
0"
#7580115411
1!
#7580115411
0!
#7580120379
1"
#7580125347
0"
#7580125347
1!
#7580125347
0!
#7580130315
1"
#7580135283
0"
#7580135283
1!
#7580135283
0!
#7580140251
1"
#7580145219
0"
#7580145219
1!
#7580145219
0!
#7580150187
1"
#7580155155
0"
#7580155155
1!
#7580155155
0!
#7580160123
1"
#7580165091
0"
#7580165091
1!
#7580165091
0!
#7580170059
1"
#7580175027
0"
#7580175027
1!
#7580175027
0!
#7580179995
1"
#7580184963
0"
#7580189931
1"
#7580194899
0"
#7580194899
1!
#7580199867
1"
#7580204835
0"
#7580209803
1"
#7580214771
0"
#7580214771
0!
#7580219739
1"
#7580224707
0"
#7580224707
1!
#7580229675
1"
#7580234643
0"
#7580239611
1"
#7580244579
0"
#7580244579
0!
#7580249547
1"
#7580254515
0"
#7580254515
1!
#7580254515
0!
#7580259483
1"
#7580264451
0"
#7580264451
1!
#7580264451
0!
#7580269419
1"
#7580274387
0"
#7580315624
1!
#7580320592
1"
#7580325560
0"
#7580325560
0!
#7580330528
1"
#7580335496
0"
#7580335496
1!
#7580335496
0!
#7580340464
1"
#7580345432
0"
#7580345432
1!
#7580350400
1"
#7580355368
0"
#7580355368
0!
#7580360336
1"
#7580365304
0"
#7580365304
1!
#7580370272
1"
#7580375240
0"
#7580375240
0!
#7580380208
1"
#7580385176
0"
#7580385176
1!
#7580385176
0!
#7580390144
1"
#7580395112
0"
#7580395112
1!
#7580400080
1"
#7580405048
0"
#7580447579
0!
#7580452547
1"
#7580457515
1!
#9579289425
0!
#9579294393
0"
#9579294393
1!
#9579299361
1"
#9579304329
0"
#9579309297
1"
#9579314265
0"
#9579319233
1"
#9579324201
0"
#9579324201
0!
#9579329169
1"
#9579334137
0"
#9579334137
1!
#9579339105
1"
#9579344073
0"
#9579349041
1"
#9579354009
0"
#9579354009
0!
#9579358977
1"
#9579363945
0"
#9579368913
1"
#9579373881
0"
#9579378849
1"
#9579383817
0"
#9579383817
1!
#9579388785
1"
#9579393753
0"
#9579398721
1"
#9579403689
0"
#9579408657
1"
#9579413625
0"
#9579418593
1"
#9579423561
0"
#9579423561
0!
#9579428529
1"
#9579433497
0"
#9579433497
1!
#9579438465
1"
#9579443433
0"
#9579448401
1"
#9579453369
0"
#9579458337
1"
#9579463305
0"
#9579463305
0!
#9579468273
1"
#9579473241
0"
#9579473241
1!
#9579544091
1"
#9579554027
0!
#9579558995
0"
#9579558995
1!
#9579563963
1"
#9579568931
0"
#9579573899
1"
#9579578867
0"
#9579583835
1"
#9579588803
0"
#9579588803
0!
#9579593771
1"
#9579598739
0"
#9579598739
1!
#9579603707
1"
#9579608675
0"
#9579613643
1"
#9579618611
0"
#9579618611
0!
#9579623579
1"
#9579628547
0"
#9579628547
1!
#9579633515
1"
#9579638483
0"
#9579638483
0!
#9579643451
1"
#9579648419
0"
#9579648419
1!
#9579648419
0!
#9579653387
1"
#9579658355
0"
#9579658355
1!
#9579663323
1"
#9579668291
0"
#9579673259
1"
#9579678227
0"
#9579678227
0!
#9579683195
1"
#9579688163
0"
#9579688163
1!
#9579688163
0!
#9579693131
1"
#9579698099
0"
#9579698099
1!
#9579703067
1"
#9579708035
0"
#9579708035
0!
#9579713003
1"
#9579717971
0"
#9579717971
1!
#9579717971
0!
#9579722939
1"
#9579727907
0"
#9579727907
1!
#9579727907
0!
#9579732875
1"
#9579737843
0"
#9579742811
1"
#9579747779
0"
#9579747779
1!
#9579752747
1"
#9579757715
0"
#9579757715
0!
#9579762683
1"
#9579767651
0"
#9579767651
1!
#9579767651
0!
#9579772619
1"
#9579777587
0"
#9579777587
1!
#9579777587
0!
#9579782555
1"
#9579787523
0"
#9579787523
1!
#9579792491
1"
#9579797459
0"
#9579802427
1"
#9579807395
0"
#9579807395
0!
#9579812363
1"
#9579817331
0"
#9579817331
1!
#9579817331
0!
#9579822299
1"
#9579827267
0"
#9579827267
1!
#9579832235
1"
#9579837203
0"
#9579837203
0!
#9579842171
1"
#9579847139
0"
#9579847139
1!
#9579852107
1"
#9579857075
0"
#9579857075
0!
#9579862043
1"
#9579867011
0"
#9579867011
1!
#9579867011
0!
#9579871979
1"
#9579876947
0"
#9579876947
1!
#9579876947
0!
#9579881915
1"
#9579886883
0"
#9579886883
1!
#9579886883
0!
#9579891851
1"
#9579896819
0"
#9579896819
1!
#9579896819
0!
#9579901787
1"
#9579906755
0"
#9579906755
1!
#9579906755
0!
#9579911723
1"
#9579916691
0"
#9579921659
1"
#9579926627
0"
#9579926627
1!
#9579931595
1"
#9579936563
0"
#9579941531
1"
#9579946499
0"
#9579951467
1"
#9579956435
0"
#9579961403
1"
#9579966371
0"
#9579971339
1"
#9579976307
0"
#9579981275
1"
#9579986243
0"
#9579986243
0!
#9579991211
1"
#9579996179
0"
#9579996179
1!
#9579996179
0!
#9580001147
1"
#9580006115
0"
#9580011083
1"
#9580016051
0"
#9580016051
1!
#9580021019
1"
#9580025987
0"
#9580030955
1"
#9580035923
0"
#9580040891
1"
#9580045859
0"
#9580050827
1"
#9580055795
0"
#9580055795
0!
#9580060763
1"
#9580065731
0"
#9580065731
1!
#9580065731
0!
#9580070699
1"
#9580075667
0"
#9580075667
1!
#9580075667
0!
#9580080635
1"
#9580085603
0"
#9580085603
1!
#9580085603
0!
#9580090571
1"
#9580095539
0"
#9580100507
1"
#9580105475
0"
#9580105475
1!
#9580105475
0!
#9580110443
1"
#9580115411
0"
#9580115411
1!
#9580115411
0!
#9580120379
1"
#9580125347
0"
#9580125347
1!
#9580125347
0!
#9580130315
1"
#9580135283
0"
#9580135283
1!
#9580135283
0!
#9580140251
1"
#9580145219
0"
#9580145219
1!
#9580145219
0!
#9580150187
1"
#9580155155
0"
#9580155155
1!
#9580155155
0!
#9580160123
1"
#9580165091
0"
#9580165091
1!
#9580165091
0!
#9580170059
1"
#9580175027
0"
#9580175027
1!
#9580175027
0!
#9580179995
1"
#9580184963
0"
#9580189931
1"
#9580194899
0"
#9580194899
1!
#9580199867
1"
#9580204835
0"
#9580209803
1"
#9580214771
0"
#9580214771
0!
#9580219739
1"
#9580224707
0"
#9580224707
1!
#9580229675
1"
#9580234643
0"
#9580239611
1"
#9580244579
0"
#9580244579
0!
#9580249547
1"
#9580254515
0"
#9580254515
1!
#9580254515
0!
#9580259483
1"
#9580264451
0"
#9580264451
1!
#9580264451
0!
#9580269419
1"
#9580274387
0"
#9580315624
1!
#9580320592
1"
#9580325560
0"
#9580325560
0!
#9580330528
1"
#9580335496
0"
#9580335496
1!
#9580335496
0!
#9580340464
1"
#9580345432
0"
#9580345432
1!
#9580350400
1"
#9580355368
0"
#9580355368
0!
#9580360336
1"
#9580365304
0"
#9580365304
1!
#9580370272
1"
#9580375240
0"
#9580375240
0!
#9580380208
1"
#9580385176
0"
#9580385176
1!
#9580385176
0!
#9580390144
1"
#9580395112
0"
#9580395112
1!
#9580400080
1"
#9580405048
0"
#9580447579
0!
#9580452547
1"
#9580457515
1!
#11579289425
0!
#11579294393
0"
#11579294393
1!
#11579299361
1"
#11579304329
0"
#11579309297
1"
#11579314265
0"
#11579319233
1"
#11579324201
0"
#11579324201
0!
#11579329169
1"
#11579334137
0"
#11579334137
1!
#11579339105
1"
#11579344073
0"
#11579349041
1"
#11579354009
0"
#11579354009
0!
#11579358977
1"
#11579363945
0"
#11579368913
1"
#11579373881
0"
#11579378849
1"
#11579383817
0"
#11579383817
1!
#11579388785
1"
#11579393753
0"
#11579398721
1"
#11579403689
0"
#11579408657
1"
#11579413625
0"
#11579418593
1"
#11579423561
0"
#11579423561
0!
#11579428529
1"
#11579433497
0"
#11579433497
1!
#11579438465
1"
#11579443433
0"
#11579448401
1"
#11579453369
0"
#11579458337
1"
#11579463305
0"
#11579463305
0!
#11579468273
1"
#11579473241
0"
#11579473241
1!
#11579544091
1"
#11579554027
0!
#11579558995
0"
#11579558995
1!
#11579563963
1"
#11579568931
0"
#11579573899
1"
#11579578867
0"
#11579583835
1"
#11579588803
0"
#11579588803
0!
#11579593771
1"
#11579598739
0"
#11579598739
1!
#11579603707
1"
#11579608675
0"
#11579613643
1"
#11579618611
0"
#11579618611
0!
#11579623579
1"
#11579628547
0"
#11579628547
1!
#11579633515
1"
#11579638483
0"
#11579638483
0!
#11579643451
1"
#11579648419
0"
#11579648419
1!
#11579648419
0!
#11579653387
1"
#11579658355
0"
#11579658355
1!
#11579663323
1"
#11579668291
0"
#11579673259
1"
#11579678227
0"
#11579678227
0!
#11579683195
1"
#11579688163
0"
#11579688163
1!
#11579688163
0!
#11579693131
1"
#11579698099
0"
#11579698099
1!
#11579703067
1"
#11579708035
0"
#11579708035
0!
#11579713003
1"
#11579717971
0"
#11579717971
1!
#11579717971
0!
#11579722939
1"
#11579727907
0"
#11579727907
1!
#11579727907
0!
#11579732875
1"
#11579737843
0"
#11579742811
1"
#11579747779
0"
#11579747779
1!
#11579752747
1"
#11579757715
0"
#11579757715
0!
#11579762683
1"
#11579767651
0"
#11579767651
1!
#11579767651
0!
#11579772619
1"
#11579777587
0"
#11579777587
1!
#11579777587
0!
#11579782555
1"
#11579787523
0"
#11579787523
1!
#11579792491
1"
#11579797459
0"
#11579802427
1"
#11579807395
0"
#11579807395
0!
#11579812363
1"
#11579817331
0"
#11579817331
1!
#11579817331
0!
#11579822299
1"
#11579827267
0"
#11579827267
1!
#11579832235
1"
#11579837203
0"
#11579837203
0!
#11579842171
1"
#11579847139
0"
#11579847139
1!
#11579852107
1"
#11579857075
0"
#11579857075
0!
#11579862043
1"
#11579867011
0"
#11579867011
1!
#11579867011
0!
#11579871979
1"
#11579876947
0"
#11579876947
1!
#11579876947
0!
#11579881915
1"
#11579886883
0"
#11579886883
1!
#11579886883
0!
#11579891851
1"
#11579896819
0"
#11579896819
1!
#11579896819
0!
#11579901787
1"
#11579906755
0"
#11579906755
1!
#11579906755
0!
#11579911723
1"
#11579916691
0"
#11579921659
1"
#11579926627
0"
#11579926627
1!
#11579931595
1"
#11579936563
0"
#11579941531
1"
#11579946499
0"
#11579951467
1"
#11579956435
0"
#11579961403
1"
#11579966371
0"
#11579971339
1"
#11579976307
0"
#11579981275
1"
#11579986243
0"
#11579986243
0!
#11579991211
1"
#11579996179
0"
#11579996179
1!
#11579996179
0!
#11580001147
1"
#11580006115
0"
#11580011083
1"
#11580016051
0"
#11580016051
1!
#11580021019
1"
#11580025987
0"
#11580030955
1"
#11580035923
0"
#11580040891
1"
#11580045859
0"
#11580050827
1"
#11580055795
0"
#11580055795
0!
#11580060763
1"
#11580065731
0"
#11580065731
1!
#11580065731
0!
#11580070699
1"
#11580075667
0"
#11580075667
1!
#11580075667
0!
#11580080635
1"
#11580085603
0"
#11580085603
1!
#11580085603
0!
#11580090571
1"
#11580095539
0"
#11580100507
1"
#11580105475
0"
#11580105475
1!
#11580105475
0!
#11580110443
1"
#11580115411
0"
#11580115411
1!
#11580115411
0!
#11580120379
1"
#11580125347
0"
#11580125347
1!
#11580125347
0!
#11580130315
1"
#11580135283
0"
#11580135283
1!
#11580135283
0!
#11580140251
1"
#11580145219
0"
#11580145219
1!
#11580145219
0!
#11580150187
1"
#11580155155
0"
#11580155155
1!
#11580155155
0!
#11580160123
1"
#11580165091
0"
#11580165091
1!
#11580165091
0!
#11580170059
1"
#11580175027
0"
#11580175027
1!
#11580175027
0!
#11580179995
1"
#11580184963
0"
#11580189931
1"
#11580194899
0"
#11580194899
1!
#11580199867
1"
#11580204835
0"
#11580209803
1"
#11580214771
0"
#11580214771
0!
#11580219739
1"
#11580224707
0"
#11580224707
1!
#11580229675
1"
#11580234643
0"
#11580239611
1"
#11580244579
0"
#11580244579
0!
#11580249547
1"
#11580254515
0"
#11580254515
1!
#11580254515
0!
#11580259483
1"
#11580264451
0"
#11580264451
1!
#11580264451
0!
#11580269419
1"
#11580274387
0"
#11580315624
1!
#11580320592
1"
#11580325560
0"
#11580325560
0!
#11580330528
1"
#11580335496
0"
#11580335496
1!
#11580335496
0!
#11580340464
1"
#11580345432
0"
#11580345432
1!
#11580350400
1"
#11580355368
0"
#11580355368
0!
#11580360336
1"
#11580365304
0"
#11580365304
1!
#11580370272
1"
#11580375240
0"
#11580375240
0!
#11580380208
1"
#11580385176
0"
#11580385176
1!
#11580385176
0!
#11580390144
1"
#11580395112
0"
#11580395112
1!
#11580400080
1"
#11580405048
0"
#11580447579
0!
#11580452547
1"
#11580457515
1!
#13579289425
0!
#13579294393
0"
#13579294393
1!
#13579299361
1"
#13579304329
0"
#13579309297
1"
#13579314265
0"
#13579319233
1"
#13579324201
0"
#13579324201
0!
#13579329169
1"
#13579334137
0"
#13579334137
1!
#13579339105
1"
#13579344073
0"
#13579349041
1"
#13579354009
0"
#13579354009
0!
#13579358977
1"
#13579363945
0"
#13579368913
1"
#13579373881
0"
#13579378849
1"
#13579383817
0"
#13579383817
1!
#13579388785
1"
#13579393753
0"
#13579398721
1"
#13579403689
0"
#13579408657
1"
#13579413625
0"
#13579418593
1"
#13579423561
0"
#13579423561
0!
#13579428529
1"
#13579433497
0"
#13579433497
1!
#13579438465
1"
#13579443433
0"
#13579448401
1"
#13579453369
0"
#13579458337
1"
#13579463305
0"
#13579463305
0!
#13579468273
1"
#13579473241
0"
#13579473241
1!
#13579544091
1"
#13579554027
0!
#13579558995
0"
#13579558995
1!
#13579563963
1"
#13579568931
0"
#13579573899
1"
#13579578867
0"
#13579583835
1"
#13579588803
0"
#13579588803
0!
#13579593771
1"
#13579598739
0"
#13579598739
1!
#13579603707
1"
#13579608675
0"
#13579613643
1"
#13579618611
0"
#13579618611
0!
#13579623579
1"
#13579628547
0"
#13579628547
1!
#13579633515
1"
#13579638483
0"
#13579638483
0!
#13579643451
1"
#13579648419
0"
#13579648419
1!
#13579648419
0!
#13579653387
1"
#13579658355
0"
#13579658355
1!
#13579663323
1"
#13579668291
0"
#13579673259
1"
#13579678227
0"
#13579678227
0!
#13579683195
1"
#13579688163
0"
#13579688163
1!
#13579688163
0!
#13579693131
1"
#13579698099
0"
#13579698099
1!
#13579703067
1"
#13579708035
0"
#13579708035
0!
#13579713003
1"
#13579717971
0"
#13579717971
1!
#13579717971
0!
#13579722939
1"
#13579727907
0"
#13579727907
1!
#13579727907
0!
#13579732875
1"
#13579737843
0"
#13579742811
1"
#13579747779
0"
#13579747779
1!
#13579752747
1"
#13579757715
0"
#13579757715
0!
#13579762683
1"
#13579767651
0"
#13579767651
1!
#13579767651
0!
#13579772619
1"
#13579777587
0"
#13579777587
1!
#13579777587
0!
#13579782555
1"
#13579787523
0"
#13579787523
1!
#13579792491
1"
#13579797459
0"
#13579802427
1"
#13579807395
0"
#13579807395
0!
#13579812363
1"
#13579817331
0"
#13579817331
1!
#13579817331
0!
#13579822299
1"
#13579827267
0"
#13579827267
1!
#13579832235
1"
#13579837203
0"
#13579837203
0!
#13579842171
1"
#13579847139
0"
#13579847139
1!
#13579852107
1"
#13579857075
0"
#13579857075
0!
#13579862043
1"
#13579867011
0"
#13579867011
1!
#13579867011
0!
#13579871979
1"
#13579876947
0"
#13579876947
1!
#13579876947
0!
#13579881915
1"
#13579886883
0"
#13579886883
1!
#13579886883
0!
#13579891851
1"
#13579896819
0"
#13579896819
1!
#13579896819
0!
#13579901787
1"
#13579906755
0"
#13579906755
1!
#13579906755
0!
#13579911723
1"
#13579916691
0"
#13579921659
1"
#13579926627
0"
#13579926627
1!
#13579931595
1"
#13579936563
0"
#13579941531
1"
#13579946499
0"
#13579951467
1"
#13579956435
0"
#13579961403
1"
#13579966371
0"
#13579971339
1"
#13579976307
0"
#13579981275
1"
#13579986243
0"
#13579986243
0!
#13579991211
1"
#13579996179
0"
#13579996179
1!
#13579996179
0!
#13580001147
1"
#13580006115
0"
#13580011083
1"
#13580016051
0"
#13580016051
1!
#13580021019
1"
#13580025987
0"
#13580030955
1"
#13580035923
0"
#13580040891
1"
#13580045859
0"
#13580050827
1"
#13580055795
0"
#13580055795
0!
#13580060763
1"
#13580065731
0"
#13580065731
1!
#13580065731
0!
#13580070699
1"
#13580075667
0"
#13580075667
1!
#13580075667
0!
#13580080635
1"
#13580085603
0"
#13580085603
1!
#13580085603
0!
#13580090571
1"
#13580095539
0"
#13580100507
1"
#13580105475
0"
#13580105475
1!
#13580105475
0!
#13580110443
1"
#13580115411
0"
#13580115411
1!
#13580115411
0!
#13580120379
1"
#13580125347
0"
#13580125347
1!
#13580125347
0!
#13580130315
1"
#13580135283
0"
#13580135283
1!
#13580135283
0!
#13580140251
1"
#13580145219
0"
#13580145219
1!
#13580145219
0!
#13580150187
1"
#13580155155
0"
#13580155155
1!
#13580155155
0!
#13580160123
1"
#13580165091
0"
#13580165091
1!
#13580165091
0!
#13580170059
1"
#13580175027
0"
#13580175027
1!
#13580175027
0!
#13580179995
1"
#13580184963
0"
#13580189931
1"
#13580194899
0"
#13580194899
1!
#13580199867
1"
#13580204835
0"
#13580209803
1"
#13580214771
0"
#13580214771
0!
#13580219739
1"
#13580224707
0"
#13580224707
1!
#13580229675
1"
#13580234643
0"
#13580239611
1"
#13580244579
0"
#13580244579
0!
#13580249547
1"
#13580254515
0"
#13580254515
1!
#13580254515
0!
#13580259483
1"
#13580264451
0"
#13580264451
1!
#13580264451
0!
#13580269419
1"
#13580274387
0"
#13580315624
1!
#13580320592
1"
#13580325560
0"
#13580325560
0!
#13580330528
1"
#13580335496
0"
#13580335496
1!
#13580335496
0!
#13580340464
1"
#13580345432
0"
#13580345432
1!
#13580350400
1"
#13580355368
0"
#13580355368
0!
#13580360336
1"
#13580365304
0"
#13580365304
1!
#13580370272
1"
#13580375240
0"
#13580375240
0!
#13580380208
1"
#13580385176
0"
#13580385176
1!
#13580385176
0!
#13580390144
1"
#13580395112
0"
#13580395112
1!
#13580400080
1"
#13580405048
0"
#13580447579
0!
#13580452547
1"
#13580457515
1!
#13590052089
1!
